<?xml version="1.0" encoding="UTF-8"?><!DOCTYPE NewsML SYSTEM "./DTD/NewsMLv1.2.dtd" [<!ENTITY % xhtml11.dtd SYSTEM "./DTD/xhtml11-flat.dtd">
	%xhtml11.dtd;]>
<NewsML Version="1.2">
<Catalog Href="../catalog/catalogYomiuriMasterCatalog.xml" />
<NewsEnvelope>
<SentFrom>
<Party Scheme="NskParty" FormalName="Yomiuri" />
</SentFrom>
<DateAndTime>20150812T215917+0900</DateAndTime>
<NewsService Scheme="YgdistNewsService" FormalName="Ygdist-Full" />
<NewsProduct Scheme="YgdistNewsProduct" FormalName="NewsML:1.2" />
</NewsEnvelope>
<NewsItem>
<Identification>
      <NewsIdentifier>
        <ProviderId>yomiuri.co.jp</ProviderId>
        <DateId>20150812</DateId>
        <NewsItemId>027-OYT1T50101</NewsItemId>
        <RevisionId PreviousRevision="6" Update="N">7</RevisionId>
        <PublicIdentifier>urn:newsml:yomiuri.co.jp:20150812:027-OYT1T50101:7</PublicIdentifier>
      </NewsIdentifier>
    </Identification>
<NewsManagement>
<NewsItemType FormalName="News" Scheme="IptcNewsItemType" />
<FirstCreated>20150812T212511+0900</FirstCreated>
<ThisRevisionCreated>20150812T215917+0900</ThisRevisionCreated>
<Status FormalName="Usable" />
<Instruction Scheme="YgdistInstruction" FormalName="CancelAll">
<RevisionStatus>
<Status FormalName="Canceled" />
</RevisionStatus>
</Instruction>
</NewsManagement>
<NewsComponent xml:lang="ja-JP" Duid="Article.20150812.027-OYT1T50101">
<Role Scheme="YgdistRole" FormalName="Article" />
<NewsLines>
<HeadLine>菅・翁長氏会談、歩み寄り見られず…普天間移設</HeadLine>
<DateLine>2015-08-12 21:25:00</DateLine>
<CreditLine>読売新聞社</CreditLine>
<CopyrightLine>COPYRIGHT THE YOMIURI SHIMBUN</CopyrightLine>
</NewsLines>
<RightsMetadata>
        <Copyright>
          <CopyrightHolder>読売新聞社</CopyrightHolder>
          <CopyrightDate>2015</CopyrightDate>
        </Copyright>
      </RightsMetadata>
<DescriptiveMetadata>
<Language FormalName="ja" />
<SubjectCode>
<Subject FormalName="11000000" />
</SubjectCode>
</DescriptiveMetadata>
<Metadata>
<MetadataType FormalName="YomiuriNewsManagement" />
<Property FormalName="NewsCategory" Value="Full" />
</Metadata>
<Metadata>
<MetadataType FormalName="YomiuriMediaGenreCode" />
<Property FormalName="YomiuriMediaGenre" Value="政治" />
</Metadata>
<NewsComponent xml:lang="ja-JP" Duid="Article.HeadLine.20150812.027-OYT1T50101">
<Role Scheme="YgdistRole" FormalName="ArticleHeadLine" />
<ContentItem>
<MediaType FormalName="Text" Scheme="IptcMediaTypes" />
<Format FormalName="XHTML" Scheme="IptcFormat" />
<MimeType FormalName="text/xml" Scheme="IptcMimeTypes" />
<DataContent>
<html>
<head>
<title />
</head>
<body>
<p>菅・翁長氏会談、歩み寄り見られず…普天間移設</p>
</body>
</html>
</DataContent>
</ContentItem>
</NewsComponent>
<NewsComponent xml:lang="ja-JP" Duid="Article.Body.20150812.027-OYT1T50101" Essential="yes">
<Role Scheme="YgdistRole" FormalName="ArticleBody" />
<ContentItem>
<MediaType FormalName="Text" Scheme="IptcMediaTypes" />
<Format FormalName="XHTML" Scheme="IptcFormat" />
<MimeType FormalName="text/xml" Scheme="IptcMimeTypes" />
<DataContent>
<html>
<head>
<title />
</head>
<body>
<p>　菅官房長官は１２日、米軍普天間飛行場（宜野湾市）の名護市辺野古への移設問題を巡り、<ruby>
<rb>翁長</rb>
<rp>（</rp>
<rt>おなが</rt>
<rp>）</rp>
</ruby><ruby>
<rb>雄志</rb>
<rp>（</rp>
<rt>たけし</rt>
<rp>）</rp>
</ruby>知事と県庁で約１時間会談した。</p>
<p>　政府は９月９日まで移設作業を全て中断し、県と集中協議を行うとしており、この日が初会合となった。菅氏が同飛行場の危険性除去と移設の必要性について理解を求めたのに対し、翁長氏は米軍基地建設の歴史的経緯を踏まえて反論するなど、歩み寄りは見られなかった。</p>
<p>　菅氏は会談で、１９９６年の日米両政府の合意に触れながら、「日米で普天間飛行場の閉鎖、代替案として県内移設（に合意した）。そこが原点だ」として、移設の正当性を訴えた。翁長氏は「住民がいない間に強制収用されて造られたのが原点だ。世界一危険になったから、お前たち（代替案を）出せというのは理不尽だ」と述べた。</p>
<p>　菅氏は会談後、記者団に「お互いに大きな距離があった」と述べ、溝が埋まらなかったことを認めた。政府と県は今後、事務レベルを含め４回会談を行う方向だ。</p>
</body>
</html>
</DataContent>
</ContentItem>
</NewsComponent>
<NewsComponent xml:lang="ja-JP" Duid="Article.RelatedImage1.20150812.027-OYT1T50101">
<Role Scheme="YgdistRole" FormalName="ArticleRelatedImage" />
<NewsItemRef NewsItem="urn:newsml:yomiuri.co.jp:20150812:027-OYT1I50017:6" />
</NewsComponent>
</NewsComponent>
</NewsItem>
</NewsML>
