<?xml version="1.0" encoding="UTF-8"?><!DOCTYPE NewsML SYSTEM "./DTD/NewsMLv1.2.dtd" [<!ENTITY % xhtml11.dtd SYSTEM "./DTD/xhtml11-flat.dtd">
	%xhtml11.dtd;]>
<NewsML Version="1.2">
<Catalog Href="../catalog/catalogYomiuriMasterCatalog.xml" />
<NewsEnvelope>
<SentFrom>
<Party Scheme="NskParty" FormalName="Yomiuri" />
</SentFrom>
<DateAndTime>20150812T075549+0900</DateAndTime>
<NewsService Scheme="YgdistNewsService" FormalName="Ygdist-Full" />
<NewsProduct Scheme="YgdistNewsProduct" FormalName="NewsML:1.2" />
</NewsEnvelope>
<NewsItem>
<Identification>
      <NewsIdentifier>
        <ProviderId>yomiuri.co.jp</ProviderId>
        <DateId>20150811</DateId>
        <NewsItemId>027-OYT1T50062</NewsItemId>
        <RevisionId PreviousRevision="2" Update="N">3</RevisionId>
        <PublicIdentifier>urn:newsml:yomiuri.co.jp:20150811:027-OYT1T50062:3</PublicIdentifier>
      </NewsIdentifier>
    </Identification>
<NewsManagement>
<NewsItemType FormalName="News" Scheme="IptcNewsItemType" />
<FirstCreated>20150812T075549+0900</FirstCreated>
<ThisRevisionCreated>20150812T075549+0900</ThisRevisionCreated>
<Status FormalName="Usable" />
<Instruction Scheme="YgdistInstruction" FormalName="CancelAll">
<RevisionStatus>
<Status FormalName="Canceled" />
</RevisionStatus>
</Instruction>
</NewsManagement>
<NewsComponent xml:lang="ja-JP" Duid="Article.20150811.027-OYT1T50062">
<Role Scheme="YgdistRole" FormalName="Article" />
<NewsLines>
<HeadLine>戦後７０年談話、仕上げ見守る…公明・山口代表</HeadLine>
<DateLine>2015-08-12 07:55:00</DateLine>
<CreditLine>読売新聞社</CreditLine>
<CopyrightLine>COPYRIGHT THE YOMIURI SHIMBUN</CopyrightLine>
</NewsLines>
<RightsMetadata>
        <Copyright>
          <CopyrightHolder>読売新聞社</CopyrightHolder>
          <CopyrightDate>2015</CopyrightDate>
        </Copyright>
      </RightsMetadata>
<DescriptiveMetadata>
<Language FormalName="ja" />
<SubjectCode>
<Subject FormalName="11000000" />
</SubjectCode>
</DescriptiveMetadata>
<Metadata>
<MetadataType FormalName="YomiuriNewsManagement" />
<Property FormalName="NewsCategory" Value="Full" />
</Metadata>
<Metadata>
<MetadataType FormalName="YomiuriMediaGenreCode" />
<Property FormalName="YomiuriMediaGenre" Value="政治" />
</Metadata>
<NewsComponent xml:lang="ja-JP" Duid="Article.HeadLine.20150811.027-OYT1T50062">
<Role Scheme="YgdistRole" FormalName="ArticleHeadLine" />
<ContentItem>
<MediaType FormalName="Text" Scheme="IptcMediaTypes" />
<Format FormalName="XHTML" Scheme="IptcFormat" />
<MimeType FormalName="text/xml" Scheme="IptcMimeTypes" />
<DataContent>
<html>
<head>
<title />
</head>
<body>
<p>戦後７０年談話、仕上げ見守る…公明・山口代表</p>
</body>
</html>
</DataContent>
</ContentItem>
</NewsComponent>
<NewsComponent xml:lang="ja-JP" Duid="Article.Body.20150811.027-OYT1T50062" Essential="yes">
<Role Scheme="YgdistRole" FormalName="ArticleBody" />
<ContentItem>
<MediaType FormalName="Text" Scheme="IptcMediaTypes" />
<Format FormalName="XHTML" Scheme="IptcFormat" />
<MimeType FormalName="text/xml" Scheme="IptcMimeTypes" />
<DataContent>
<html>
<head>
<title />
</head>
<body>
<p>　公明党の山口代表は１１日の記者会見で、１４日発表される安倍首相の戦後７０年談話について、「我々の意見を受け止めていただいたと思う。首相が最終的にどう仕上げるかを見守りたい」と述べた。</p>
<p>　談話をめぐっては、公明党の要望を踏まえ、先の大戦について「侵略」や「反省」などの文言が盛り込まれる見通しとなっている。</p>
<p>　山口氏は、７日に首相らと会食した時のやり取りについて、「歴代内閣の談話を継承することが国民や国際社会に伝わるようにしていただきたいと（首相に）申し上げた」と説明した。その際、首相に対して「中国や韓国との関係改善に資するものにしていただきたい」とも求めたという。</p>
<p>　これに関連し、自民党の稲田政調会長は１１日の民放番組で、「未来<ruby>
<rb>永劫</rb>
<rp>（</rp>
<rt>えいごう</rt>
<rp>）</rp>
</ruby>謝罪をするのは違和感を覚える」と述べ、談話に「おわび」を盛り込むことに疑問を呈した。</p>
</body>
</html>
</DataContent>
</ContentItem>
</NewsComponent>
</NewsComponent>
</NewsItem>
</NewsML>
