<?xml version="1.0" encoding="UTF-8"?><!DOCTYPE NewsML SYSTEM "./DTD/NewsMLv1.2.dtd" [<!ENTITY % xhtml11.dtd SYSTEM "./DTD/xhtml11-flat.dtd">
	%xhtml11.dtd;]>
<NewsML Version="1.2">
<Catalog Href="../catalog/catalogYomiuriMasterCatalog.xml" />
<NewsEnvelope>
<SentFrom>
<Party Scheme="NskParty" FormalName="Yomiuri" />
</SentFrom>
<DateAndTime>20150811T030427+0900</DateAndTime>
<NewsService Scheme="YgdistNewsService" FormalName="Ygdist-Full" />
<NewsProduct Scheme="YgdistNewsProduct" FormalName="NewsML:1.2" />
</NewsEnvelope>
<NewsItem>
<Identification>
      <NewsIdentifier>
        <ProviderId>yomiuri.co.jp</ProviderId>
        <DateId>20150810</DateId>
        <NewsItemId>027-OYT1T50145</NewsItemId>
        <RevisionId PreviousRevision="3" Update="N">4</RevisionId>
        <PublicIdentifier>urn:newsml:yomiuri.co.jp:20150810:027-OYT1T50145:4</PublicIdentifier>
      </NewsIdentifier>
    </Identification>
<NewsManagement>
<NewsItemType FormalName="News" Scheme="IptcNewsItemType" />
<FirstCreated>20150811T030427+0900</FirstCreated>
<ThisRevisionCreated>20150811T030427+0900</ThisRevisionCreated>
<Status FormalName="Usable" />
<Instruction Scheme="YgdistInstruction" FormalName="CancelAll">
<RevisionStatus>
<Status FormalName="Canceled" />
</RevisionStatus>
</Instruction>
</NewsManagement>
<NewsComponent xml:lang="ja-JP" Duid="Article.20150810.027-OYT1T50145">
<Role Scheme="YgdistRole" FormalName="Article" />
<NewsLines>
<HeadLine>日航機墜落３０年　安全運航への誓いを新たに</HeadLine>
<DateLine>2015-08-11 03:04:00</DateLine>
<CreditLine>読売新聞社</CreditLine>
<CopyrightLine>COPYRIGHT THE YOMIURI SHIMBUN</CopyrightLine>
</NewsLines>
<RightsMetadata>
        <Copyright>
          <CopyrightHolder>読売新聞社</CopyrightHolder>
          <CopyrightDate>2015</CopyrightDate>
        </Copyright>
      </RightsMetadata>
<DescriptiveMetadata>
<Language FormalName="ja" />
<SubjectCode>
<Subject FormalName="11000000" />
</SubjectCode>
</DescriptiveMetadata>
<Metadata>
<MetadataType FormalName="YomiuriNewsManagement" />
<Property FormalName="NewsCategory" Value="Full" />
</Metadata>
<Metadata>
<MetadataType FormalName="YomiuriMediaGenreCode" />
<Property FormalName="YomiuriMediaGenre" Value="社説" />
</Metadata>
<NewsComponent xml:lang="ja-JP" Duid="Article.HeadLine.20150810.027-OYT1T50145">
<Role Scheme="YgdistRole" FormalName="ArticleHeadLine" />
<ContentItem>
<MediaType FormalName="Text" Scheme="IptcMediaTypes" />
<Format FormalName="XHTML" Scheme="IptcFormat" />
<MimeType FormalName="text/xml" Scheme="IptcMimeTypes" />
<DataContent>
<html>
<head>
<title />
</head>
<body>
<p>日航機墜落３０年　安全運航への誓いを新たに</p>
</body>
</html>
</DataContent>
</ContentItem>
</NewsComponent>
<NewsComponent xml:lang="ja-JP" Duid="Article.Body.20150810.027-OYT1T50145" Essential="yes">
<Role Scheme="YgdistRole" FormalName="ArticleBody" />
<ContentItem>
<MediaType FormalName="Text" Scheme="IptcMediaTypes" />
<Format FormalName="XHTML" Scheme="IptcFormat" />
<MimeType FormalName="text/xml" Scheme="IptcMimeTypes" />
<DataContent>
<html>
<head>
<title />
</head>
<body>
<p>　日航ジャンボ機が群馬県・御巣鷹山に墜落し、乗員乗客５２０人が犠牲になった事故から、１２日で３０年を迎える。</p>
<p>　単独機の事故としては今なお、世界の航空史上最悪の惨事だ。遺族の無念は、年月を経ても変わるまい。事故の記憶を風化させず、空の安全を改めて誓う日としたい。</p>
<p>　ジャンボ機は墜落の７年前の１９７８年、着陸時に尻もち事故を起こしていた。この際の米ボーイング社による修理が不適切だったため、後部の圧力隔壁が飛行中に破断し、墜落の原因となった。</p>
<p>　当時の航空事故調査委員会は、こう結論付け、日本航空に対しても、「点検方法に十分とはいえない点があった」と指摘した。</p>
<p>　日航は事故後、整備システムの全面見直しなどを実施した。それにもかかわらず、２００５年に整備ミスなどが相次ぎ、国土交通省から事業改善命令を受けた。</p>
<p>　対応策として、０６年に羽田空港内に設けた「安全啓発センター」は、社員教育の拠点として大きな役割を果たしている。圧力隔壁の残骸や遺品、遺書を目にすることで、社員は安全運航の大切さを再認識する。</p>
<p>　グループ企業を含めた３万５０００人の全社員が、今年３月までに研修を受けた。今では、事故後に入社した社員が９割以上を占める。事故の教訓を継承する安全教育の重要性は増している。</p>
<p>　日航は１０年の経営危機を機に、再生へ向けた経営目標の第一に「安全運航」を掲げた。その理念を忘れず、安全最優先の企業風土を築き上げてもらいたい。</p>
<p>　日航機事故後、国内航空会社で乗客が死亡する事故はない。ただし、一歩間違えば大惨事となりかねない重大インシデントは後を絶たない。６月には那覇空港で、離陸直前の全日空機の前を自衛隊ヘリが横切るトラブルがあった。</p>
<p>　国内空港の総着陸回数は３０年前の２倍近くに増えた。格安航空会社（ＬＣＣ）の参入などで、航空会社は激しい競争にさらされているが、安全運航への取り組みを怠ることは、決して許されない。</p>
<p>　重大事故の背景には、２９件の軽微な事故と３００件の小さなミスがあるとする「ハインリッヒの法則」が知られる。航空業界で情報を共有し、小さなミスの段階で事故の芽を摘むことが大切だ。</p>
<p>　国土交通省は昨年、報告義務のない小さなミスも航空会社に自発的に報告させ、周知すべき情報は公開する制度をスタートした。事故防止に役立てたい。</p>
</body>
</html>
</DataContent>
</ContentItem>
</NewsComponent>
</NewsComponent>
</NewsItem>
</NewsML>
