<?xml version="1.0" encoding="UTF-8"?><!DOCTYPE NewsML SYSTEM "./DTD/NewsMLv1.2.dtd" [<!ENTITY % xhtml11.dtd SYSTEM "./DTD/xhtml11-flat.dtd">
	%xhtml11.dtd;]>
<NewsML Version="1.2">
<Catalog Href="../catalog/catalogYomiuriMasterCatalog.xml" />
<NewsEnvelope>
<SentFrom>
<Party Scheme="NskParty" FormalName="Yomiuri" />
</SentFrom>
<DateAndTime>20150815T184236+0900</DateAndTime>
<NewsService Scheme="YgdistNewsService" FormalName="Ygdist-Full" />
<NewsProduct Scheme="YgdistNewsProduct" FormalName="NewsML:1.2" />
</NewsEnvelope>
<NewsItem>
<Identification>
      <NewsIdentifier>
        <ProviderId>yomiuri.co.jp</ProviderId>
        <DateId>20150815</DateId>
        <NewsItemId>027-OYT1T50094</NewsItemId>
        <RevisionId PreviousRevision="2" Update="N">3</RevisionId>
        <PublicIdentifier>urn:newsml:yomiuri.co.jp:20150815:027-OYT1T50094:3</PublicIdentifier>
      </NewsIdentifier>
    </Identification>
<NewsManagement>
<NewsItemType FormalName="News" Scheme="IptcNewsItemType" />
<FirstCreated>20150815T184236+0900</FirstCreated>
<ThisRevisionCreated>20150815T184236+0900</ThisRevisionCreated>
<Status FormalName="Usable" />
<Instruction Scheme="YgdistInstruction" FormalName="CancelAll">
<RevisionStatus>
<Status FormalName="Canceled" />
</RevisionStatus>
</Instruction>
</NewsManagement>
<NewsComponent xml:lang="ja-JP" Duid="Article.20150815.027-OYT1T50094">
<Role Scheme="YgdistRole" FormalName="Article" />
<NewsLines>
<HeadLine>渡辺彩香がアルバトロス、パー４でイーグルも</HeadLine>
<DateLine>2015-08-15 18:42:00</DateLine>
<CreditLine>読売新聞社</CreditLine>
<CopyrightLine>COPYRIGHT THE YOMIURI SHIMBUN</CopyrightLine>
</NewsLines>
<RightsMetadata>
        <Copyright>
          <CopyrightHolder>読売新聞社</CopyrightHolder>
          <CopyrightDate>2015</CopyrightDate>
        </Copyright>
      </RightsMetadata>
<DescriptiveMetadata>
<Language FormalName="ja" />
<SubjectCode>
<Subject FormalName="11000000" />
</SubjectCode>
</DescriptiveMetadata>
<Metadata>
<MetadataType FormalName="YomiuriNewsManagement" />
<Property FormalName="NewsCategory" Value="Full" />
</Metadata>
<Metadata>
<MetadataType FormalName="YomiuriMediaGenreCode" />
<Property FormalName="YomiuriMediaGenre" Value="スポーツ" />
<Property FormalName="YomiuriMediaGenre2" Value="ゴルフ" />
</Metadata>
<NewsComponent xml:lang="ja-JP" Duid="Article.HeadLine.20150815.027-OYT1T50094">
<Role Scheme="YgdistRole" FormalName="ArticleHeadLine" />
<ContentItem>
<MediaType FormalName="Text" Scheme="IptcMediaTypes" />
<Format FormalName="XHTML" Scheme="IptcFormat" />
<MimeType FormalName="text/xml" Scheme="IptcMimeTypes" />
<DataContent>
<html>
<head>
<title />
</head>
<body>
<p>渡辺彩香がアルバトロス、パー４でイーグルも</p>
</body>
</html>
</DataContent>
</ContentItem>
</NewsComponent>
<NewsComponent xml:lang="ja-JP" Duid="Article.Body.20150815.027-OYT1T50094" Essential="yes">
<Role Scheme="YgdistRole" FormalName="ArticleBody" />
<ContentItem>
<MediaType FormalName="Text" Scheme="IptcMediaTypes" />
<Format FormalName="XHTML" Scheme="IptcFormat" />
<MimeType FormalName="text/xml" Scheme="IptcMimeTypes" />
<DataContent>
<html>
<head>
<title />
</head>
<body>
<p>　ゴルフ・ＮＥＣ軽井沢７２第２日（１５日・長野軽井沢７２北＝６５８３ヤード、パー７２）――服部真夕が７バーディー、１ボギーで回り、通算１１アンダーで前日の３位から首位に浮上。</p>
<p>　後半に７バーディーをマークするなどスコアを六つ伸ばした大山志保が１打差の２位につけた。</p>
<p>　２週連続優勝を狙う西山ゆかりは８アンダーの４位。渡辺彩香が１６番パー５でプロの国内女子大会では史上１２度目となるアルバトロスを達成、５番パー４でもイーグルをマークするなど６７で回り、前年覇者のイ・ボミ（韓国）らと並び５アンダーで１４位。</p>
</body>
</html>
</DataContent>
</ContentItem>
</NewsComponent>
</NewsComponent>
</NewsItem>
</NewsML>
