<?xml version="1.0" encoding="UTF-8"?><!DOCTYPE NewsML SYSTEM "./DTD/NewsMLv1.2.dtd" [<!ENTITY % xhtml11.dtd SYSTEM "./DTD/xhtml11-flat.dtd">
	%xhtml11.dtd;]>
<NewsML Version="1.2">
<Catalog Href="../catalog/catalogYomiuriMasterCatalog.xml" />
<NewsEnvelope>
<SentFrom>
<Party Scheme="NskParty" FormalName="Yomiuri" />
</SentFrom>
<DateAndTime>20150816T031309+0900</DateAndTime>
<NewsService Scheme="YgdistNewsService" FormalName="Ygdist-Full" />
<NewsProduct Scheme="YgdistNewsProduct" FormalName="NewsML:1.2" />
</NewsEnvelope>
<NewsItem>
<Identification>
      <NewsIdentifier>
        <ProviderId>yomiuri.co.jp</ProviderId>
        <DateId>20150815</DateId>
        <NewsItemId>027-OYT1T50135</NewsItemId>
        <RevisionId PreviousRevision="5" Update="N">6</RevisionId>
        <PublicIdentifier>urn:newsml:yomiuri.co.jp:20150815:027-OYT1T50135:6</PublicIdentifier>
      </NewsIdentifier>
    </Identification>
<NewsManagement>
<NewsItemType FormalName="News" Scheme="IptcNewsItemType" />
<FirstCreated>20150816T031309+0900</FirstCreated>
<ThisRevisionCreated>20150816T031309+0900</ThisRevisionCreated>
<Status FormalName="Usable" />
<Instruction Scheme="YgdistInstruction" FormalName="CancelAll">
<RevisionStatus>
<Status FormalName="Canceled" />
</RevisionStatus>
</Instruction>
</NewsManagement>
<NewsComponent xml:lang="ja-JP" Duid="Article.20150815.027-OYT1T50135">
<Role Scheme="YgdistRole" FormalName="Article" />
<NewsLines>
<HeadLine>戦没者追悼式　「深い反省」を世界の平和に</HeadLine>
<DateLine>2015-08-16 03:12:00</DateLine>
<CreditLine>読売新聞社</CreditLine>
<CopyrightLine>COPYRIGHT THE YOMIURI SHIMBUN</CopyrightLine>
</NewsLines>
<RightsMetadata>
        <Copyright>
          <CopyrightHolder>読売新聞社</CopyrightHolder>
          <CopyrightDate>2015</CopyrightDate>
        </Copyright>
      </RightsMetadata>
<DescriptiveMetadata>
<Language FormalName="ja" />
<SubjectCode>
<Subject FormalName="11000000" />
</SubjectCode>
</DescriptiveMetadata>
<Metadata>
<MetadataType FormalName="YomiuriNewsManagement" />
<Property FormalName="NewsCategory" Value="Full" />
</Metadata>
<Metadata>
<MetadataType FormalName="YomiuriMediaGenreCode" />
<Property FormalName="YomiuriMediaGenre" Value="社説" />
</Metadata>
<NewsComponent xml:lang="ja-JP" Duid="Article.HeadLine.20150815.027-OYT1T50135">
<Role Scheme="YgdistRole" FormalName="ArticleHeadLine" />
<ContentItem>
<MediaType FormalName="Text" Scheme="IptcMediaTypes" />
<Format FormalName="XHTML" Scheme="IptcFormat" />
<MimeType FormalName="text/xml" Scheme="IptcMimeTypes" />
<DataContent>
<html>
<head>
<title />
</head>
<body>
<p>戦没者追悼式　「深い反省」を世界の平和に</p>
</body>
</html>
</DataContent>
</ContentItem>
</NewsComponent>
<NewsComponent xml:lang="ja-JP" Duid="Article.Body.20150815.027-OYT1T50135" Essential="yes">
<Role Scheme="YgdistRole" FormalName="ArticleBody" />
<ContentItem>
<MediaType FormalName="Text" Scheme="IptcMediaTypes" />
<Format FormalName="XHTML" Scheme="IptcFormat" />
<MimeType FormalName="text/xml" Scheme="IptcMimeTypes" />
<DataContent>
<html>
<head>
<title />
</head>
<body>
<p>　戦後日本の平和と繁栄が、第２次大戦で亡くなった人々の犠牲の上に築かれていることを忘れてはなるまい。</p>
<p>　７０回目の終戦の日だった１５日、３１０万人の戦没者を哀悼する催しが各地で開かれた。東京・日本武道館では、天皇、皇后両陛下をお迎えし、政府主催の全国戦没者追悼式が行われた。</p>
<p>　天皇陛下は、追悼式のお言葉で、「さきの大戦に対する深い反省と共に、今後、戦争の惨禍が再び繰り返されぬことを切に願い、世界の平和と我が国の一層の発展を祈ります」と述べられた。</p>
<p>　「深い反省」という言葉が、新たに盛り込まれた。先の戦争に対する陛下のお気持ちが反映されたものと言えよう。</p>
<p>　陛下は、今年の年頭にあたってのご感想でも、「満州事変に始まるこの戦争の歴史を十分に学び、今後の日本のあり方を考えていくことが、今、極めて大切なこと」と強調されている。</p>
<p>　過去を顧みて、その教訓を日本の平和につなげたいという陛下のご心情の表れではないか。</p>
<p>　陛下は１１歳の時、疎開先の日光で終戦を迎えられた。東京に戻り、「本当に焼け野原だった。それが非常に印象に残っている」と述懐されている。</p>
<p>　あの戦争を知る世代として、陛下の遺族に対する思いには、特別なものがおありだろう。</p>
<p>　天皇、皇后両陛下は４月、第２次大戦で激戦地となったパラオ共和国のペリリュー島を訪問し、日米の慰霊碑に献花された。</p>
<p>　戦後７０年の今年、戦争の傷痕と向き合うお二人の<ruby>
<rb>真摯</rb>
<rp>（</rp>
<rt>しんし</rt>
<rp>）</rp>
</ruby>なお姿は、内外に強い印象を与えた。</p>
<p>　宮内庁は先日、昭和天皇が国民に終戦を伝えた「玉音放送」の録音原盤と音声を公開した。両陛下から「録音盤の再生を検討してみては」と示唆されたためだ。</p>
<p>　昭和天皇が終戦の「聖断」を下した皇居内の御文庫付属室（地下防空<ruby>
<rb>壕</rb>
<rp>（</rp>
<rt>ごう</rt>
<rp>）</rp>
</ruby>）の写真と映像も公開された。床や壁が朽ち果てた現状が、歳月の流れを感じさせる。</p>
<p>　「維持は無用」という昭和天皇の意向で、修繕がなされないまま、今に至っているという。</p>
<p>　歴史の重要な舞台だ。政府は保存を検討すべきではないか。</p>
<p>　戦没者追悼式に参列した約５０００人の遺族のうち、６割は戦没者の子たちだ。８０歳を超えた子の世代も多い。戦没者の配偶者は１５人にとどまった。</p>
<p>　戦争を直接体験した世代の高齢化が進む。悲惨な記憶を次代に語り継いでいかねばならない。</p>
</body>
</html>
</DataContent>
</ContentItem>
</NewsComponent>
</NewsComponent>
</NewsItem>
</NewsML>
