<?xml version="1.0" encoding="UTF-8"?><!DOCTYPE NewsML SYSTEM "./DTD/NewsMLv1.2.dtd" [<!ENTITY % xhtml11.dtd SYSTEM "./DTD/xhtml11-flat.dtd">
	%xhtml11.dtd;]>
<NewsML Version="1.2">
<Catalog Href="../catalog/catalogYomiuriMasterCatalog.xml" />
<NewsEnvelope>
<SentFrom>
<Party Scheme="NskParty" FormalName="Yomiuri" />
</SentFrom>
<DateAndTime>20150816T185309+0900</DateAndTime>
<NewsService Scheme="YgdistNewsService" FormalName="Ygdist-Full" />
<NewsProduct Scheme="YgdistNewsProduct" FormalName="NewsML:1.2" />
</NewsEnvelope>
<NewsItem>
<Identification>
      <NewsIdentifier>
        <ProviderId>yomiuri.co.jp</ProviderId>
        <DateId>20150816</DateId>
        <NewsItemId>027-OYT1T50029</NewsItemId>
        <RevisionId PreviousRevision="3" Update="N">4</RevisionId>
        <PublicIdentifier>urn:newsml:yomiuri.co.jp:20150816:027-OYT1T50029:4</PublicIdentifier>
      </NewsIdentifier>
    </Identification>
<NewsManagement>
<NewsItemType FormalName="News" Scheme="IptcNewsItemType" />
<FirstCreated>20150816T165538+0900</FirstCreated>
<ThisRevisionCreated>20150816T185309+0900</ThisRevisionCreated>
<Status FormalName="Usable" />
<Instruction Scheme="YgdistInstruction" FormalName="CancelAll">
<RevisionStatus>
<Status FormalName="Canceled" />
</RevisionStatus>
</Instruction>
</NewsManagement>
<NewsComponent xml:lang="ja-JP" Duid="Article.20150816.027-OYT1T50029">
<Role Scheme="YgdistRole" FormalName="Article" />
<NewsLines>
<HeadLine>腰にかかる負担軽く…装着型ロボット発売へ</HeadLine>
<DateLine>2015-08-16 15:32:00</DateLine>
<CreditLine>読売新聞社</CreditLine>
<CopyrightLine>COPYRIGHT THE YOMIURI SHIMBUN</CopyrightLine>
</NewsLines>
<RightsMetadata>
        <Copyright>
          <CopyrightHolder>読売新聞社</CopyrightHolder>
          <CopyrightDate>2015</CopyrightDate>
        </Copyright>
      </RightsMetadata>
<DescriptiveMetadata>
<Language FormalName="ja" />
<SubjectCode>
<Subject FormalName="11000000" />
</SubjectCode>
</DescriptiveMetadata>
<Metadata>
<MetadataType FormalName="YomiuriNewsManagement" />
<Property FormalName="NewsCategory" Value="Full" />
</Metadata>
<Metadata>
<MetadataType FormalName="YomiuriMediaGenreCode" />
<Property FormalName="YomiuriMediaGenre" Value="経済" />
</Metadata>
<NewsComponent xml:lang="ja-JP" Duid="Article.HeadLine.20150816.027-OYT1T50029">
<Role Scheme="YgdistRole" FormalName="ArticleHeadLine" />
<ContentItem>
<MediaType FormalName="Text" Scheme="IptcMediaTypes" />
<Format FormalName="XHTML" Scheme="IptcFormat" />
<MimeType FormalName="text/xml" Scheme="IptcMimeTypes" />
<DataContent>
<html>
<head>
<title />
</head>
<body>
<p>腰にかかる負担軽く…装着型ロボット発売へ</p>
</body>
</html>
</DataContent>
</ContentItem>
</NewsComponent>
<NewsComponent xml:lang="ja-JP" Duid="Article.Body.20150816.027-OYT1T50029" Essential="yes">
<Role Scheme="YgdistRole" FormalName="ArticleBody" />
<ContentItem>
<MediaType FormalName="Text" Scheme="IptcMediaTypes" />
<Format FormalName="XHTML" Scheme="IptcFormat" />
<MimeType FormalName="text/xml" Scheme="IptcMimeTypes" />
<DataContent>
<html>
<head>
<title />
</head>
<body>
<p>　三井物産は、荷物の上げ下ろしを楽にする装着型ロボット「アシストスーツＡＷＮ―０３」を、９月に１００万円強で発売する。</p>
<p>　腰にかかる負担を１５キロ・グラム分軽くする機能を搭載し、物流センターで働く女性や農作業をする高齢者らのけがを防ぐ。</p>
<p>　パナソニックの社内ベンチャーで、三井物産も出資するロボット開発会社「アクティブリンク」（奈良市）が開発した。約７キロ・グラムの本体をリュックのように背負い、胴体と足で固定する。センサーが人の動きを感知し、二つのモーターが腰の運動を補助する。バッテリーは８時間程度持つという。</p>
<p>　実証実験を物流会社で行っており、今後、ヤマト運輸や鹿島などが導入する予定だ。</p>
</body>
</html>
</DataContent>
</ContentItem>
</NewsComponent>
<NewsComponent xml:lang="ja-JP" Duid="Article.RelatedImage1.20150816.027-OYT1T50029">
<Role Scheme="YgdistRole" FormalName="ArticleRelatedImage" />
<NewsItemRef NewsItem="urn:newsml:yomiuri.co.jp:20150816:027-OYT1I50013:3" />
</NewsComponent>
</NewsComponent>
</NewsItem>
</NewsML>
