<?xml version="1.0" encoding="UTF-8"?><!DOCTYPE NewsML SYSTEM "./DTD/NewsMLv1.2.dtd" [<!ENTITY % xhtml11.dtd SYSTEM "./DTD/xhtml11-flat.dtd">
	%xhtml11.dtd;]>
<NewsML Version="1.2">
<Catalog Href="../catalog/catalogYomiuriMasterCatalog.xml" />
<NewsEnvelope>
<SentFrom>
<Party Scheme="NskParty" FormalName="Yomiuri" />
</SentFrom>
<DateAndTime>20150816T084717+0900</DateAndTime>
<NewsService Scheme="YgdistNewsService" FormalName="Ygdist-Full" />
<NewsProduct Scheme="YgdistNewsProduct" FormalName="NewsML:1.2" />
</NewsEnvelope>
<NewsItem>
<Identification>
      <NewsIdentifier>
        <ProviderId>yomiuri.co.jp</ProviderId>
        <DateId>20150815</DateId>
        <NewsItemId>027-OYT1T50067</NewsItemId>
        <RevisionId PreviousRevision="13" Update="N">14</RevisionId>
        <PublicIdentifier>urn:newsml:yomiuri.co.jp:20150815:027-OYT1T50067:14</PublicIdentifier>
      </NewsIdentifier>
    </Identification>
<NewsManagement>
<NewsItemType FormalName="News" Scheme="IptcNewsItemType" />
<FirstCreated>20150815T120055+0900</FirstCreated>
<ThisRevisionCreated>20150816T084717+0900</ThisRevisionCreated>
<Status FormalName="Usable" />
<Instruction Scheme="YgdistInstruction" FormalName="CancelAll">
<RevisionStatus>
<Status FormalName="Canceled" />
</RevisionStatus>
</Instruction>
</NewsManagement>
<NewsComponent xml:lang="ja-JP" Duid="Article.20150815.027-OYT1T50067">
<Role Scheme="YgdistRole" FormalName="Article" />
<NewsLines>
<HeadLine>朴大統領、安倍談話で「注目する」…一定の評価</HeadLine>
<DateLine>2015-08-15 12:58:00</DateLine>
<CreditLine>読売新聞社</CreditLine>
<CopyrightLine>COPYRIGHT THE YOMIURI SHIMBUN</CopyrightLine>
</NewsLines>
<RightsMetadata>
        <Copyright>
          <CopyrightHolder>読売新聞社</CopyrightHolder>
          <CopyrightDate>2015</CopyrightDate>
        </Copyright>
      </RightsMetadata>
<DescriptiveMetadata>
<Language FormalName="ja" />
<SubjectCode>
<Subject FormalName="11000000" />
</SubjectCode>
</DescriptiveMetadata>
<Metadata>
<MetadataType FormalName="YomiuriNewsManagement" />
<Property FormalName="NewsCategory" Value="Full" />
</Metadata>
<Metadata>
<MetadataType FormalName="YomiuriMediaGenreCode" />
<Property FormalName="YomiuriMediaGenre" Value="国際" />
</Metadata>
<NewsComponent xml:lang="ja-JP" Duid="Article.HeadLine.20150815.027-OYT1T50067">
<Role Scheme="YgdistRole" FormalName="ArticleHeadLine" />
<ContentItem>
<MediaType FormalName="Text" Scheme="IptcMediaTypes" />
<Format FormalName="XHTML" Scheme="IptcFormat" />
<MimeType FormalName="text/xml" Scheme="IptcMimeTypes" />
<DataContent>
<html>
<head>
<title />
</head>
<body>
<p>朴大統領、安倍談話で「注目する」…一定の評価</p>
</body>
</html>
</DataContent>
</ContentItem>
</NewsComponent>
<NewsComponent xml:lang="ja-JP" Duid="Article.Body.20150815.027-OYT1T50067" Essential="yes">
<Role Scheme="YgdistRole" FormalName="ArticleBody" />
<ContentItem>
<MediaType FormalName="Text" Scheme="IptcMediaTypes" />
<Format FormalName="XHTML" Scheme="IptcFormat" />
<MimeType FormalName="text/xml" Scheme="IptcMimeTypes" />
<DataContent>
<html>
<head>
<title />
</head>
<body>
<p>　【ソウル＝豊浦潤一】韓国の<ruby>
<rb>朴槿恵</rb>
<rp>（</rp>
<rt>パククネ</rt>
<rp>）</rp>
</ruby>大統領は１５日、ソウルで開かれた日本の植民地支配からの解放を記念する「光復節」の式典で演説した。</p>
<p>　朴氏は、１４日に発表された戦後７０年の安倍首相談話について「残念な部分が少なくないのが事実」とした上で、安倍首相が日本の侵略、植民地支配などについて歴代内閣の立場は揺るぎないと宣言したことに「注目する」と一定の評価を与えた。朴氏が２０１３年２月の就任以降、公の席で安倍首相の歴史認識を限定的ながらも前向きに評価したのは極めてまれで、対日関係の改善を進める姿勢を打ち出したものと言える。</p>
<p>　朴氏は「歴史は隠そうと思っても（隠すことは）できない。生き証人の証言によって（歴史は）生きている」とした上で、「困難が多く残っているが、正しい歴史認識をもとに新しい未来に共に進むべき時だ」と強調。歴代内閣の歴史認識を継承するとの安倍首相の発言に対し「一貫して誠意ある行動で裏づけ」することを求めた。朴氏は「特に慰安婦問題を早期に適切に解決することを願っている」と改めて求めた。</p>
</body>
</html>
</DataContent>
</ContentItem>
</NewsComponent>
</NewsComponent>
</NewsItem>
</NewsML>
