<?xml version="1.0" encoding="UTF-8"?><!DOCTYPE NewsML SYSTEM "./DTD/NewsMLv1.2.dtd" [<!ENTITY % xhtml11.dtd SYSTEM "./DTD/xhtml11-flat.dtd">
	%xhtml11.dtd;]>
<NewsML Version="1.2">
<Catalog Href="../catalog/catalogYomiuriMasterCatalog.xml" />
<NewsEnvelope>
<SentFrom>
<Party Scheme="NskParty" FormalName="Yomiuri" />
</SentFrom>
<DateAndTime>20150811T123622+0900</DateAndTime>
<NewsService Scheme="YgdistNewsService" FormalName="Ygdist-Full" />
<NewsProduct Scheme="YgdistNewsProduct" FormalName="NewsML:1.2" />
</NewsEnvelope>
<NewsItem>
<Identification>
      <NewsIdentifier>
        <ProviderId>yomiuri.co.jp</ProviderId>
        <DateId>20150811</DateId>
        <NewsItemId>027-OYT1T50033</NewsItemId>
        <RevisionId PreviousRevision="4" Update="N">5</RevisionId>
        <PublicIdentifier>urn:newsml:yomiuri.co.jp:20150811:027-OYT1T50033:5</PublicIdentifier>
      </NewsIdentifier>
    </Identification>
<NewsManagement>
<NewsItemType FormalName="News" Scheme="IptcNewsItemType" />
<FirstCreated>20150811T120744+0900</FirstCreated>
<ThisRevisionCreated>20150811T123622+0900</ThisRevisionCreated>
<Status FormalName="Usable" />
<Instruction Scheme="YgdistInstruction" FormalName="CancelAll">
<RevisionStatus>
<Status FormalName="Canceled" />
</RevisionStatus>
</Instruction>
</NewsManagement>
<NewsComponent xml:lang="ja-JP" Duid="Article.20150811.027-OYT1T50033">
<Role Scheme="YgdistRole" FormalName="Article" />
<NewsLines>
<HeadLine>熱中症での死者、３日から１週間で最多の３２人</HeadLine>
<DateLine>2015-08-11 11:59:00</DateLine>
<CreditLine>読売新聞社</CreditLine>
<CopyrightLine>COPYRIGHT THE YOMIURI SHIMBUN</CopyrightLine>
</NewsLines>
<RightsMetadata>
        <Copyright>
          <CopyrightHolder>読売新聞社</CopyrightHolder>
          <CopyrightDate>2015</CopyrightDate>
        </Copyright>
      </RightsMetadata>
<DescriptiveMetadata>
<Language FormalName="ja" />
<SubjectCode>
<Subject FormalName="11000000" />
</SubjectCode>
</DescriptiveMetadata>
<Metadata>
<MetadataType FormalName="YomiuriNewsManagement" />
<Property FormalName="NewsCategory" Value="Full" />
</Metadata>
<Metadata>
<MetadataType FormalName="YomiuriMediaGenreCode" />
<Property FormalName="YomiuriMediaGenre" Value="社会" />
</Metadata>
<NewsComponent xml:lang="ja-JP" Duid="Article.HeadLine.20150811.027-OYT1T50033">
<Role Scheme="YgdistRole" FormalName="ArticleHeadLine" />
<ContentItem>
<MediaType FormalName="Text" Scheme="IptcMediaTypes" />
<Format FormalName="XHTML" Scheme="IptcFormat" />
<MimeType FormalName="text/xml" Scheme="IptcMimeTypes" />
<DataContent>
<html>
<head>
<title />
</head>
<body>
<p>熱中症での死者、３日から１週間で最多の３２人</p>
</body>
</html>
</DataContent>
</ContentItem>
</NewsComponent>
<NewsComponent xml:lang="ja-JP" Duid="Article.Body.20150811.027-OYT1T50033" Essential="yes">
<Role Scheme="YgdistRole" FormalName="ArticleBody" />
<ContentItem>
<MediaType FormalName="Text" Scheme="IptcMediaTypes" />
<Format FormalName="XHTML" Scheme="IptcFormat" />
<MimeType FormalName="text/xml" Scheme="IptcMimeTypes" />
<DataContent>
<html>
<head>
<title />
</head>
<body>
<p>　総務省消防庁は１１日、熱中症による搬送者は３～９日の１週間に全国で１万１２１９人で、うち３２人が死亡したと発表した。</p>
<p>　いずれも速報値。死者は１週間単位では今年最多で、大阪府４人、宮城県３人など。集計を始めた４月２７日からの累計は９０人にのぼった。</p>
<p>　搬送者数は、昨年同時期の４９４５人の２・３倍にのぼった。統計を取り始めた２００８年以降最多となった前週（７月２７日～８月２日）より減少したが、２週連続で１万人を超えた。２週連続の１万人超は０８年以降、初めて。</p>
<p>　搬送者の５２・５％が６５歳以上だった。都道府県別では東京都の９７１人が最多で、大阪府９１１人、愛知県７４９人と続いた。</p>
<p>　気象庁によると、今夏の暑さのピークは過ぎたとみられ、今後は気温が上昇する日はあるものの、今月上旬のような酷暑が連日続くようなことはなくなる見通しだという。</p>
</body>
</html>
</DataContent>
</ContentItem>
</NewsComponent>
</NewsComponent>
</NewsItem>
</NewsML>
