<?xml version="1.0" encoding="UTF-8"?><!DOCTYPE NewsML SYSTEM "./DTD/NewsMLv1.2.dtd" [<!ENTITY % xhtml11.dtd SYSTEM "./DTD/xhtml11-flat.dtd">
	%xhtml11.dtd;]>
<NewsML Version="1.2">
<Catalog Href="../catalog/catalogYomiuriMasterCatalog.xml" />
<NewsEnvelope>
<SentFrom>
<Party Scheme="NskParty" FormalName="Yomiuri" />
</SentFrom>
<DateAndTime>20150814T010039+0900</DateAndTime>
<NewsService Scheme="YgdistNewsService" FormalName="Ygdist-Full" />
<NewsProduct Scheme="YgdistNewsProduct" FormalName="NewsML:1.2" />
</NewsEnvelope>
<NewsItem>
<Identification>
      <NewsIdentifier>
        <ProviderId>yomiuri.co.jp</ProviderId>
        <DateId>20150814</DateId>
        <NewsItemId>027-OYT1T50010</NewsItemId>
        <RevisionId PreviousRevision="2" Update="N">3</RevisionId>
        <PublicIdentifier>urn:newsml:yomiuri.co.jp:20150814:027-OYT1T50010:3</PublicIdentifier>
      </NewsIdentifier>
    </Identification>
<NewsManagement>
<NewsItemType FormalName="News" Scheme="IptcNewsItemType" />
<FirstCreated>20150814T010039+0900</FirstCreated>
<ThisRevisionCreated>20150814T010039+0900</ThisRevisionCreated>
<Status FormalName="Usable" />
<Instruction Scheme="YgdistInstruction" FormalName="CancelAll">
<RevisionStatus>
<Status FormalName="Canceled" />
</RevisionStatus>
</Instruction>
</NewsManagement>
<NewsComponent xml:lang="ja-JP" Duid="Article.20150814.027-OYT1T50010">
<Role Scheme="YgdistRole" FormalName="Article" />
<NewsLines>
<HeadLine>墜落の米軍ヘリ、陸自向け演習中…負傷者７人に</HeadLine>
<DateLine>2015-08-14 01:00:00</DateLine>
<CreditLine>読売新聞社</CreditLine>
<CopyrightLine>COPYRIGHT THE YOMIURI SHIMBUN</CopyrightLine>
</NewsLines>
<RightsMetadata>
        <Copyright>
          <CopyrightHolder>読売新聞社</CopyrightHolder>
          <CopyrightDate>2015</CopyrightDate>
        </Copyright>
      </RightsMetadata>
<DescriptiveMetadata>
<Language FormalName="ja" />
<SubjectCode>
<Subject FormalName="11000000" />
</SubjectCode>
</DescriptiveMetadata>
<Metadata>
<MetadataType FormalName="YomiuriNewsManagement" />
<Property FormalName="NewsCategory" Value="Full" />
</Metadata>
<Metadata>
<MetadataType FormalName="YomiuriMediaGenreCode" />
<Property FormalName="YomiuriMediaGenre" Value="社会" />
</Metadata>
<NewsComponent xml:lang="ja-JP" Duid="Article.HeadLine.20150814.027-OYT1T50010">
<Role Scheme="YgdistRole" FormalName="ArticleHeadLine" />
<ContentItem>
<MediaType FormalName="Text" Scheme="IptcMediaTypes" />
<Format FormalName="XHTML" Scheme="IptcFormat" />
<MimeType FormalName="text/xml" Scheme="IptcMimeTypes" />
<DataContent>
<html>
<head>
<title />
</head>
<body>
<p>墜落の米軍ヘリ、陸自向け演習中…負傷者７人に</p>
</body>
</html>
</DataContent>
</ContentItem>
</NewsComponent>
<NewsComponent xml:lang="ja-JP" Duid="Article.Body.20150814.027-OYT1T50010" Essential="yes">
<Role Scheme="YgdistRole" FormalName="ArticleBody" />
<ContentItem>
<MediaType FormalName="Text" Scheme="IptcMediaTypes" />
<Format FormalName="XHTML" Scheme="IptcFormat" />
<MimeType FormalName="text/xml" Scheme="IptcMimeTypes" />
<DataContent>
<html>
<head>
<title />
</head>
<body>
<p>　沖縄県うるま市沖で米陸軍所属のヘリコプターが米輸送艦上に墜落した事故について、在日米軍司令部は１３日、ヘリには特殊作戦部隊が乗り込み、陸上自衛隊員に見せるための海上演習中だったと発表した。</p>
<p>　同司令部はまた、当初６人としていた負傷者の数を７人に改めた。</p>
<p>　米軍などによると、墜落したのは多用途ヘリコプターＨ６０。１２日午後１時５０分頃、うるま市の<ruby>
<rb>伊計</rb>
<rp>（</rp>
<rt>いけい</rt>
<rp>）</rp>
</ruby>島沖約１４キロで米輸送艦上に墜落し、乗員１７人のうち、同乗していた陸上自衛隊員２人を含む７人が負傷した。海賊やテロリストに乗っ取られた船を奪還する想定の演習だった。ヘリは着艦時に降下速度が速すぎて機体が跳ね、艦上のクレーンに接触してローターなどが破損した可能性が浮上している。米軍関係者によると、ヘリは在韓米軍の特殊作戦機で、輸送艦で韓国に運ばれる予定。</p>
</body>
</html>
</DataContent>
</ContentItem>
</NewsComponent>
</NewsComponent>
</NewsItem>
</NewsML>
