<?xml version="1.0" encoding="UTF-8"?><!DOCTYPE NewsML SYSTEM "./DTD/NewsMLv1.2.dtd" [<!ENTITY % xhtml11.dtd SYSTEM "./DTD/xhtml11-flat.dtd">
	%xhtml11.dtd;]>
<NewsML Version="1.2">
<Catalog Href="../catalog/catalogYomiuriMasterCatalog.xml" />
<NewsEnvelope>
<SentFrom>
<Party Scheme="NskParty" FormalName="Yomiuri" />
</SentFrom>
<DateAndTime>20150815T002115+0900</DateAndTime>
<NewsService Scheme="YgdistNewsService" FormalName="Ygdist-Full" />
<NewsProduct Scheme="YgdistNewsProduct" FormalName="NewsML:1.2" />
</NewsEnvelope>
<NewsItem>
<Identification>
      <NewsIdentifier>
        <ProviderId>yomiuri.co.jp</ProviderId>
        <DateId>20150814</DateId>
        <NewsItemId>027-OYT1T50143</NewsItemId>
        <RevisionId PreviousRevision="3" Update="N">4</RevisionId>
        <PublicIdentifier>urn:newsml:yomiuri.co.jp:20150814:027-OYT1T50143:4</PublicIdentifier>
      </NewsIdentifier>
    </Identification>
<NewsManagement>
<NewsItemType FormalName="News" Scheme="IptcNewsItemType" />
<FirstCreated>20150815T000851+0900</FirstCreated>
<ThisRevisionCreated>20150815T002115+0900</ThisRevisionCreated>
<Status FormalName="Usable" />
<Instruction Scheme="YgdistInstruction" FormalName="CancelAll">
<RevisionStatus>
<Status FormalName="Canceled" />
</RevisionStatus>
</Instruction>
</NewsManagement>
<NewsComponent xml:lang="ja-JP" Duid="Article.20150814.027-OYT1T50143">
<Role Scheme="YgdistRole" FormalName="Article" />
<NewsLines>
<HeadLine>戦後７０年安倍首相談話の全文</HeadLine>
<DateLine>2015-08-14 23:56:00</DateLine>
<CreditLine>読売新聞社</CreditLine>
<CopyrightLine>COPYRIGHT THE YOMIURI SHIMBUN</CopyrightLine>
</NewsLines>
<RightsMetadata>
        <Copyright>
          <CopyrightHolder>読売新聞社</CopyrightHolder>
          <CopyrightDate>2015</CopyrightDate>
        </Copyright>
      </RightsMetadata>
<DescriptiveMetadata>
<Language FormalName="ja" />
<SubjectCode>
<Subject FormalName="11000000" />
</SubjectCode>
</DescriptiveMetadata>
<Metadata>
<MetadataType FormalName="YomiuriNewsManagement" />
<Property FormalName="NewsCategory" Value="Full" />
</Metadata>
<Metadata>
<MetadataType FormalName="YomiuriMediaGenreCode" />
<Property FormalName="YomiuriMediaGenre" Value="政治" />
</Metadata>
<NewsComponent xml:lang="ja-JP" Duid="Article.HeadLine.20150814.027-OYT1T50143">
<Role Scheme="YgdistRole" FormalName="ArticleHeadLine" />
<ContentItem>
<MediaType FormalName="Text" Scheme="IptcMediaTypes" />
<Format FormalName="XHTML" Scheme="IptcFormat" />
<MimeType FormalName="text/xml" Scheme="IptcMimeTypes" />
<DataContent>
<html>
<head>
<title />
</head>
<body>
<p>戦後７０年安倍首相談話の全文</p>
</body>
</html>
</DataContent>
</ContentItem>
</NewsComponent>
<NewsComponent xml:lang="ja-JP" Duid="Article.Body.20150814.027-OYT1T50143" Essential="yes">
<Role Scheme="YgdistRole" FormalName="ArticleBody" />
<ContentItem>
<MediaType FormalName="Text" Scheme="IptcMediaTypes" />
<Format FormalName="XHTML" Scheme="IptcFormat" />
<MimeType FormalName="text/xml" Scheme="IptcMimeTypes" />
<DataContent>
<html>
<head>
<title />
</head>
<body>
<p>　政府が１４日閣議決定した戦後７０年の安倍首相談話の全文は次の通り。</p>
<p>　　　　　　　◇</p>
<p>　終戦七十年を迎えるにあたり、先の大戦への道のり、戦後の歩み、二十世紀という時代を、私たちは、心静かに振り返り、その歴史の教訓の中から、未来への知恵を学ばなければならないと考えます。</p>
<p>　百年以上前の世界には、西洋諸国を中心とした国々の広大な植民地が、広がっていました。圧倒的な技術優位を背景に、植民地支配の波は、十九世紀、アジアにも押し寄せました。その危機感が、日本にとって、近代化の原動力となったことは、間違いありません。アジアで最初に立憲政治を打ち立て、独立を守り抜きました。日露戦争は、植民地支配のもとにあった、多くのアジアやアフリカの人々を勇気づけました。</p>
<p>　世界を巻き込んだ第一次世界大戦を経て、民族自決の動きが広がり、それまでの植民地化にブレーキがかかりました。この戦争は、一千万人もの戦死者を出す、悲惨な戦争でありました。人々は「平和」を強く願い、国際連盟を創設し、不戦条約を生み出しました。戦争自体を違法化する、新たな国際社会の潮流が生まれました。</p>
<p>　当初は、日本も足並みを<ruby>
<rb>揃</rb>
<rp>（</rp>
<rt>そろ</rt>
<rp>）</rp>
</ruby>えました。しかし、世界恐慌が発生し、欧米諸国が、植民地経済を巻き込んだ、経済のブロック化を進めると、日本経済は大きな打撃を受けました。その中で日本は、孤立感を深め、外交的、経済的な行き詰まりを、力の行使によって解決しようと試みました。国内の政治システムは、その歯止めたりえなかった。こうして、日本は、世界の大勢を見失っていきました。</p>
<p>　（◎１）満州事変、そして国際連盟からの脱退。日本は、次第に、国際社会が壮絶な犠牲の上に築こうとした「新しい国際秩序」への「挑戦者」となっていった。進むべき針路を誤り、戦争への道を進んで行きました。</p>
<p>　そして七十年前。日本は、敗戦しました。</p>
<p>　戦後七十年にあたり、国内外に<ruby>
<rb>斃</rb>
<rp>（</rp>
<rt>たお</rt>
<rp>）</rp>
</ruby>れたすべての人々の命の前に、深く<ruby>
<rb>頭</rb>
<rp>（</rp>
<rt>こうべ</rt>
<rp>）</rp>
</ruby>を垂れ、痛惜の念を表すとともに、<ruby>
<rb>永劫</rb>
<rp>（</rp>
<rt>えいごう</rt>
<rp>）</rp>
</ruby>の、哀悼の誠を<ruby>
<rb>捧</rb>
<rp>（</rp>
<rt>ささ</rt>
<rp>）</rp>
</ruby>げます。</p>
<p>　先の大戦では、三百万余の同胞の命が失われました。祖国の行く末を案じ、家族の幸せを願いながら、戦陣に散った方々。終戦後、酷寒の、あるいは<ruby>
<rb>灼熱</rb>
<rp>（</rp>
<rt>しゃくねつ</rt>
<rp>）</rp>
</ruby>の、遠い異郷の地にあって、飢えや病に苦しみ、亡くなられた方々。広島や長崎での原爆投下、東京をはじめ各都市での爆撃、沖縄における地上戦などによって、たくさんの市井の人々が、無残にも犠牲となりました。</p>
<p>　戦火を交えた国々でも、将来ある若者たちの命が、数知れず失われました。中国、東南アジア、太平洋の島々など、戦場となった地域では、戦闘のみならず、食糧難などにより、多くの<ruby>
<rb>無辜</rb>
<rp>（</rp>
<rt>むこ</rt>
<rp>）</rp>
</ruby>の民が苦しみ、犠牲となりました。戦場の陰には、深く名誉と尊厳を傷つけられた女性たちがいたことも、忘れてはなりません。</p>
<p>　何の罪もない人々に、計り知れない損害と苦痛を、我が国が与えた事実。歴史とは実に取り返しのつかない、苛烈なものです。一人ひとりに、それぞれの人生があり、夢があり、愛する家族があった。この当然の事実をかみしめる時、今なお、言葉を失い、ただただ、断腸の念を禁じ得ません。</p>
<p>　これほどまでの尊い犠牲の上に、現在の平和がある。これが、戦後日本の原点であります。</p>
<p>　（◎２）二度と戦争の惨禍を繰り返してはならない。</p>
<p>　事変、侵略、戦争。いかなる武力の威嚇や行使も、国際紛争を解決する手段としては、もう二度と用いてはならない。植民地支配から永遠に<ruby>
<rb>訣別</rb>
<rp>（</rp>
<rt>けつべつ</rt>
<rp>）</rp>
</ruby>し、すべての民族の自決の権利が尊重される世界にしなければならない。</p>
<p>　先の大戦への深い悔悟の念と共に、我が国は、そう誓いました。自由で民主的な国を創り上げ、法の支配を重んじ、ひたすら不戦の誓いを堅持してまいりました。七十年間に及ぶ平和国家としての歩みに、私たちは、静かな誇りを抱きながら、この不動の方針を、これからも貫いてまいります。</p>
<p>　（◎３）我が国は、先の大戦における行いについて、繰り返し、痛切な反省と心からのお<ruby>
<rb>詫</rb>
<rp>（</rp>
<rt>わ</rt>
<rp>）</rp>
</ruby>びの気持ちを表明してきました。その思いを実際の行動で示すため、インドネシア、フィリピンはじめ東南アジアの国々、台湾、韓国、中国など、隣人であるアジアの人々が歩んできた苦難の歴史を胸に刻み、戦後一貫して、その平和と繁栄のために力を尽くしてきました。</p>
<p>　こうした歴代内閣の立場は、今後も、揺るぎないものであります。</p>
<p>　ただ、私たちがいかなる努力を尽くそうとも、家族を失った方々の悲しみ、戦禍によって塗炭の苦しみを味わった人々の<ruby>
<rb>辛</rb>
<rp>（</rp>
<rt>つら</rt>
<rp>）</rp>
</ruby>い記憶は、これからも、決して癒えることはないでしょう。</p>
<p>　ですから、私たちは、心に留めなければなりません。</p>
<p>　戦後、六百万人を超える引揚者が、アジア太平洋の各地から無事帰還でき、日本再建の原動力となった事実を。中国に置き去りにされた三千人近い日本人の子どもたちが、無事成長し、再び祖国の土を踏むことができた事実を。米国や英国、オランダ、豪州などの元捕虜の皆さんが、長年にわたり、日本を訪れ、互いの戦死者のために慰霊を続けてくれている事実を。</p>
<p>　戦争の苦痛を<ruby>
<rb>嘗</rb>
<rp>（</rp>
<rt>な</rt>
<rp>）</rp>
</ruby>め尽くした中国人の皆さんや、日本軍によって耐え難い苦痛を受けた元捕虜の皆さんが、それほど寛容であるためには、どれほどの心の葛藤があり、いかほどの努力が必要であったか。</p>
<p>　そのことに、私たちは、思いを致さなければなりません。</p>
<p>　（◎４）寛容の心によって、日本は、戦後、国際社会に復帰することができました。戦後七十年のこの機にあたり、我が国は、和解のために力を尽くしてくださった、すべての国々、すべての方々に、心からの感謝の気持ちを表したいと思います。</p>
<p>　日本では、戦後生まれの世代が、今や、人口の八割を超えています。（◎５）あの戦争には何ら関わりのない、私たちの子や孫、そしてその先の世代の子どもたちに、謝罪を続ける宿命を背負わせてはなりません。</p>
<p>　しかし、それでもなお、私たち日本人は、世代を超えて、過去の歴史に真正面から向き合わなければなりません。謙虚な気持ちで、過去を受け継ぎ、未来へと引き渡す責任があります。</p>
<p>　私たちの親、そのまた親の世代が、戦後の焼け野原、貧しさのどん底の中で、命をつなぐことができた。そして、現在の私たちの世代、さらに次の世代へと、未来をつないでいくことができる。それは、先人たちのたゆまぬ努力と共に、敵として<ruby>
<rb>熾烈</rb>
<rp>（</rp>
<rt>しれつ</rt>
<rp>）</rp>
</ruby>に戦った、米国、豪州、欧州諸国をはじめ、本当にたくさんの国々から、<ruby>
<rb>恩讐</rb>
<rp>（</rp>
<rt>おんしゅう</rt>
<rp>）</rp>
</ruby>を越えて、善意と支援の手が差しのべられたおかげであります。</p>
<p>　そのことを、私たちは、未来へと語り継いでいかなければならない。歴史の教訓を深く胸に刻み、より良い未来を切り<ruby>
<rb>拓</rb>
<rp>（</rp>
<rt>ひら</rt>
<rp>）</rp>
</ruby>いていく、アジア、そして世界の平和と繁栄に力を尽くす。その大きな責任があります。</p>
<p>　私たちは、自らの行き詰まりを力によって打開しようとした過去を、この胸に刻み続けます。だからこそ、我が国は、いかなる紛争も、法の支配を尊重し、力の行使ではなく、平和的・外交的に解決すべきである。この原則を、これからも堅く守り、世界の国々にも働きかけてまいります。唯一の戦争被爆国として、核兵器の不拡散と究極の廃絶を目指し、国際社会でその責任を果たしてまいります。</p>
<p>　（◎６）私たちは、二十世紀において、戦時下、多くの女性たちの尊厳や名誉が深く傷つけられた過去を、この胸に刻み続けます。だからこそ、我が国は、そうした女性たちの心に、常に寄り添う国でありたい。二十一世紀こそ、女性の人権が傷つけられることのない世紀とするため、世界をリードしてまいります。</p>
<p>　私たちは、経済のブロック化が紛争の芽を育てた過去を、この胸に刻み続けます。だからこそ、我が国は、いかなる国の<ruby>
<rb>恣意</rb>
<rp>（</rp>
<rt>しい</rt>
<rp>）</rp>
</ruby>にも左右されない、自由で、公正で、開かれた国際経済システムを発展させ、途上国支援を強化し、世界の更なる繁栄を<ruby>
<rb>牽引</rb>
<rp>（</rp>
<rt>けんいん</rt>
<rp>）</rp>
</ruby>してまいります。繁栄こそ、平和の礎です。暴力の温床ともなる貧困に立ち向かい、世界のあらゆる人々に、医療と教育、自立の機会を提供するため、一層、力を尽くしてまいります。</p>
<p>　私たちは、国際秩序への挑戦者となってしまった過去を、この胸に刻み続けます。だからこそ、我が国は、自由、民主主義、人権といった基本的価値を揺るぎないものとして堅持し、その価値を共有する国々と手を携えて、「積極的平和主義」の旗を高く掲げ、世界の平和と繁栄にこれまで以上に貢献してまいります。</p>
<p>　終戦八十年、九十年、さらには百年に向けて、そのような日本を、国民の皆様と共に創り上げていく。その決意であります。</p>
<p>　平成二十七年八月十四日</p>
<p>　内閣総理大臣　安倍晋三</p>
</body>
</html>
</DataContent>
</ContentItem>
</NewsComponent>
<NewsComponent xml:lang="ja-JP" Duid="Article.RelatedImage1.20150814.027-OYT1T50143">
<Role Scheme="YgdistRole" FormalName="ArticleRelatedImage" />
<NewsItemRef NewsItem="urn:newsml:yomiuri.co.jp:20150814:027-OYT1I50035:4" />
</NewsComponent>
</NewsComponent>
</NewsItem>
</NewsML>
