<?xml version="1.0" encoding="UTF-8"?><!DOCTYPE NewsML SYSTEM "./DTD/NewsMLv1.2.dtd" [<!ENTITY % xhtml11.dtd SYSTEM "./DTD/xhtml11-flat.dtd">
	%xhtml11.dtd;]>
<NewsML Version="1.2">
<Catalog Href="../catalog/catalogYomiuriMasterCatalog.xml" />
<NewsEnvelope>
<SentFrom>
<Party Scheme="NskParty" FormalName="Yomiuri" />
</SentFrom>
<DateAndTime>20150814T104724+0900</DateAndTime>
<NewsService Scheme="YgdistNewsService" FormalName="Ygdist-Full" />
<NewsProduct Scheme="YgdistNewsProduct" FormalName="NewsML:1.2" />
</NewsEnvelope>
<NewsItem>
<Identification>
      <NewsIdentifier>
        <ProviderId>yomiuri.co.jp</ProviderId>
        <DateId>20150814</DateId>
        <NewsItemId>027-OYT1T50021</NewsItemId>
        <RevisionId PreviousRevision="6" Update="N">7</RevisionId>
        <PublicIdentifier>urn:newsml:yomiuri.co.jp:20150814:027-OYT1T50021:7</PublicIdentifier>
      </NewsIdentifier>
    </Identification>
<NewsManagement>
<NewsItemType FormalName="News" Scheme="IptcNewsItemType" />
<FirstCreated>20150814T075251+0900</FirstCreated>
<ThisRevisionCreated>20150814T104724+0900</ThisRevisionCreated>
<Status FormalName="Usable" />
<Instruction Scheme="YgdistInstruction" FormalName="CancelAll">
<RevisionStatus>
<Status FormalName="Canceled" />
</RevisionStatus>
</Instruction>
</NewsManagement>
<NewsComponent xml:lang="ja-JP" Duid="Article.20150814.027-OYT1T50021">
<Role Scheme="YgdistRole" FormalName="Article" />
<NewsLines>
<HeadLine>自転車男性、１６歳の車に５０ｍひきずられ死亡</HeadLine>
<DateLine>2015-08-14 10:45:00</DateLine>
<CreditLine>読売新聞社</CreditLine>
<CopyrightLine>COPYRIGHT THE YOMIURI SHIMBUN</CopyrightLine>
</NewsLines>
<RightsMetadata>
        <Copyright>
          <CopyrightHolder>読売新聞社</CopyrightHolder>
          <CopyrightDate>2015</CopyrightDate>
        </Copyright>
      </RightsMetadata>
<DescriptiveMetadata>
<Language FormalName="ja" />
<SubjectCode>
<Subject FormalName="11000000" />
</SubjectCode>
</DescriptiveMetadata>
<Metadata>
<MetadataType FormalName="YomiuriNewsManagement" />
<Property FormalName="NewsCategory" Value="Full" />
</Metadata>
<Metadata>
<MetadataType FormalName="YomiuriMediaGenreCode" />
<Property FormalName="YomiuriMediaGenre" Value="社会" />
</Metadata>
<NewsComponent xml:lang="ja-JP" Duid="Article.HeadLine.20150814.027-OYT1T50021">
<Role Scheme="YgdistRole" FormalName="ArticleHeadLine" />
<ContentItem>
<MediaType FormalName="Text" Scheme="IptcMediaTypes" />
<Format FormalName="XHTML" Scheme="IptcFormat" />
<MimeType FormalName="text/xml" Scheme="IptcMimeTypes" />
<DataContent>
<html>
<head>
<title />
</head>
<body>
<p>自転車男性、１６歳の車に５０ｍひきずられ死亡</p>
</body>
</html>
</DataContent>
</ContentItem>
</NewsComponent>
<NewsComponent xml:lang="ja-JP" Duid="Article.Body.20150814.027-OYT1T50021" Essential="yes">
<Role Scheme="YgdistRole" FormalName="ArticleBody" />
<ContentItem>
<MediaType FormalName="Text" Scheme="IptcMediaTypes" />
<Format FormalName="XHTML" Scheme="IptcFormat" />
<MimeType FormalName="text/xml" Scheme="IptcMimeTypes" />
<DataContent>
<html>
<head>
<title />
</head>
<body>
<p>　兵庫県警尼崎南署は１３日、大阪府豊中市の会社員少年（１６）を自動車運転死傷行為処罰法違反（無免許過失運転致死）と道交法違反（ひき逃げ）の疑いで逮捕した。</p>
<p>　発表によると少年は、同日午前９時２５分頃、兵庫県尼崎市大庄北の市道で、自転車の同市浜田町、無職肥後勇さん（８０）を後ろからひいて死亡させ、そのまま逃げた疑い。乗用車は肥後さんをひきずったまま約５０メートル走り、道路脇の川の柵にぶつかって止まった。</p>
<p>　少年は同乗者とともに逃げていたが、同県警が事故の約４０分後、現場から約１キロ離れた路上にいた男２人を見つけて事情聴取。このうち少年が乗用車を運転していたとして逮捕した。少年は無免許で、調べに対し「身に覚えがない」と話しているという。</p>
<p>　市道は幅５メートルで、肥後さんの自転車はぶつかった現場付近に残っていた。</p>
</body>
</html>
</DataContent>
</ContentItem>
</NewsComponent>
</NewsComponent>
</NewsItem>
</NewsML>
