<?xml version="1.0" encoding="UTF-8"?><!DOCTYPE NewsML SYSTEM "./DTD/NewsMLv1.2.dtd" [<!ENTITY % xhtml11.dtd SYSTEM "./DTD/xhtml11-flat.dtd">
	%xhtml11.dtd;]>
<NewsML Version="1.2">
<Catalog Href="../catalog/catalogYomiuriMasterCatalog.xml" />
<NewsEnvelope>
<SentFrom>
<Party Scheme="NskParty" FormalName="Yomiuri" />
</SentFrom>
<DateAndTime>20150811T004528+0900</DateAndTime>
<NewsService Scheme="YgdistNewsService" FormalName="Ygdist-Full" />
<NewsProduct Scheme="YgdistNewsProduct" FormalName="NewsML:1.2" />
</NewsEnvelope>
<NewsItem>
<Identification>
      <NewsIdentifier>
        <ProviderId>yomiuri.co.jp</ProviderId>
        <DateId>20150810</DateId>
        <NewsItemId>027-OYT1T50099</NewsItemId>
        <RevisionId PreviousRevision="12" Update="N">13</RevisionId>
        <PublicIdentifier>urn:newsml:yomiuri.co.jp:20150810:027-OYT1T50099:13</PublicIdentifier>
      </NewsIdentifier>
    </Identification>
<NewsManagement>
<NewsItemType FormalName="News" Scheme="IptcNewsItemType" />
<FirstCreated>20150810T194254+0900</FirstCreated>
<ThisRevisionCreated>20150811T004528+0900</ThisRevisionCreated>
<Status FormalName="Usable" />
<Instruction Scheme="YgdistInstruction" FormalName="CancelAll">
<RevisionStatus>
<Status FormalName="Canceled" />
</RevisionStatus>
</Instruction>
</NewsManagement>
<NewsComponent xml:lang="ja-JP" Duid="Article.20150810.027-OYT1T50099">
<Role Scheme="YgdistRole" FormalName="Article" />
<NewsLines>
<HeadLine>今度は東北新幹線の窓にひび…金属板外れ衝突か</HeadLine>
<DateLine>2015-08-10 19:41:00</DateLine>
<CreditLine>読売新聞社</CreditLine>
<CopyrightLine>COPYRIGHT THE YOMIURI SHIMBUN</CopyrightLine>
</NewsLines>
<RightsMetadata>
        <Copyright>
          <CopyrightHolder>読売新聞社</CopyrightHolder>
          <CopyrightDate>2015</CopyrightDate>
        </Copyright>
      </RightsMetadata>
<DescriptiveMetadata>
<Language FormalName="ja" />
<SubjectCode>
<Subject FormalName="11000000" />
</SubjectCode>
</DescriptiveMetadata>
<Metadata>
<MetadataType FormalName="YomiuriNewsManagement" />
<Property FormalName="NewsCategory" Value="Full" />
</Metadata>
<Metadata>
<MetadataType FormalName="YomiuriMediaGenreCode" />
<Property FormalName="YomiuriMediaGenre" Value="社会" />
</Metadata>
<NewsComponent xml:lang="ja-JP" Duid="Article.HeadLine.20150810.027-OYT1T50099">
<Role Scheme="YgdistRole" FormalName="ArticleHeadLine" />
<ContentItem>
<MediaType FormalName="Text" Scheme="IptcMediaTypes" />
<Format FormalName="XHTML" Scheme="IptcFormat" />
<MimeType FormalName="text/xml" Scheme="IptcMimeTypes" />
<DataContent>
<html>
<head>
<title />
</head>
<body>
<p>今度は東北新幹線の窓にひび…金属板外れ衝突か</p>
</body>
</html>
</DataContent>
</ContentItem>
</NewsComponent>
<NewsComponent xml:lang="ja-JP" Duid="Article.Body.20150810.027-OYT1T50099" Essential="yes">
<Role Scheme="YgdistRole" FormalName="ArticleBody" />
<ContentItem>
<MediaType FormalName="Text" Scheme="IptcMediaTypes" />
<Format FormalName="XHTML" Scheme="IptcFormat" />
<MimeType FormalName="text/xml" Scheme="IptcMimeTypes" />
<DataContent>
<html>
<head>
<title />
</head>
<body>
<p>　福島県の東北新幹線郡山―福島駅間で９日、走行中の新幹線の窓ガラスにひびが入るトラブルがあり、ＪＲ東日本福島支店は１０日、レール下に敷かれた金属板が外れてぶつかったのが原因とみられると発表した。</p>
<p>　ガラスは４層構造で、外側２層の全面に放射状のひびが入ったが、車両内には飛散せず、けが人はなかった。</p>
<p>　同支店によると、９日午後１時半頃、東京発新青森・秋田行き「はやぶさ・こまち１９号」（１７両編成）がトンネルを走行中、先頭から１２両目の窓にひびが入ったと、この窓側の座席の乗客から車掌に連絡があった。窓は縦５４センチ、横６３センチ、厚さ１８ミリの４層構造で、外側の樹脂板とガラスの２層にひびが入っていた。</p>
<p>　線路を点検したところ、金属板（縦１８センチ、横１４センチ、厚さ１・５ミリ、重さ３００グラム）が落ちていた。列車の振動を緩和するためレール下に敷いてある金属板付きパッドの一部で、近くのレール下の金属板がなくなっていた。同支店は、振動などで金属板が外れ、走行時の風圧で巻き上げられて窓にぶつかったとみている。７日の点検時には異常はなかったという。</p>
</body>
</html>
</DataContent>
</ContentItem>
</NewsComponent>
</NewsComponent>
</NewsItem>
</NewsML>
