<?xml version="1.0" encoding="UTF-8"?><!DOCTYPE NewsML SYSTEM "./DTD/NewsMLv1.2.dtd" [<!ENTITY % xhtml11.dtd SYSTEM "./DTD/xhtml11-flat.dtd">
	%xhtml11.dtd;]>
<NewsML Version="1.2">
<Catalog Href="../catalog/catalogYomiuriMasterCatalog.xml" />
<NewsEnvelope>
<SentFrom>
<Party Scheme="NskParty" FormalName="Yomiuri" />
</SentFrom>
<DateAndTime>20150814T221128+0900</DateAndTime>
<NewsService Scheme="YgdistNewsService" FormalName="Ygdist-Full" />
<NewsProduct Scheme="YgdistNewsProduct" FormalName="NewsML:1.2" />
</NewsEnvelope>
<NewsItem>
<Identification>
      <NewsIdentifier>
        <ProviderId>yomiuri.co.jp</ProviderId>
        <DateId>20150814</DateId>
        <NewsItemId>027-OYT1T50117</NewsItemId>
        <RevisionId PreviousRevision="4" Update="N">5</RevisionId>
        <PublicIdentifier>urn:newsml:yomiuri.co.jp:20150814:027-OYT1T50117:5</PublicIdentifier>
      </NewsIdentifier>
    </Identification>
<NewsManagement>
<NewsItemType FormalName="News" Scheme="IptcNewsItemType" />
<FirstCreated>20150814T212142+0900</FirstCreated>
<ThisRevisionCreated>20150814T221128+0900</ThisRevisionCreated>
<Status FormalName="Usable" />
<Instruction Scheme="YgdistInstruction" FormalName="CancelAll">
<RevisionStatus>
<Status FormalName="Canceled" />
</RevisionStatus>
</Instruction>
</NewsManagement>
<NewsComponent xml:lang="ja-JP" Duid="Article.20150814.027-OYT1T50117">
<Role Scheme="YgdistRole" FormalName="Article" />
<NewsLines>
<HeadLine>村山元首相、安倍首相談話に「焦点ぼけた」</HeadLine>
<DateLine>2015-08-14 22:10:00</DateLine>
<CreditLine>読売新聞社</CreditLine>
<CopyrightLine>COPYRIGHT THE YOMIURI SHIMBUN</CopyrightLine>
</NewsLines>
<RightsMetadata>
        <Copyright>
          <CopyrightHolder>読売新聞社</CopyrightHolder>
          <CopyrightDate>2015</CopyrightDate>
        </Copyright>
      </RightsMetadata>
<DescriptiveMetadata>
<Language FormalName="ja" />
<SubjectCode>
<Subject FormalName="11000000" />
</SubjectCode>
</DescriptiveMetadata>
<Metadata>
<MetadataType FormalName="YomiuriNewsManagement" />
<Property FormalName="NewsCategory" Value="Full" />
</Metadata>
<Metadata>
<MetadataType FormalName="YomiuriMediaGenreCode" />
<Property FormalName="YomiuriMediaGenre" Value="政治" />
</Metadata>
<NewsComponent xml:lang="ja-JP" Duid="Article.HeadLine.20150814.027-OYT1T50117">
<Role Scheme="YgdistRole" FormalName="ArticleHeadLine" />
<ContentItem>
<MediaType FormalName="Text" Scheme="IptcMediaTypes" />
<Format FormalName="XHTML" Scheme="IptcFormat" />
<MimeType FormalName="text/xml" Scheme="IptcMimeTypes" />
<DataContent>
<html>
<head>
<title />
</head>
<body>
<p>村山元首相、安倍首相談話に「焦点ぼけた」</p>
</body>
</html>
</DataContent>
</ContentItem>
</NewsComponent>
<NewsComponent xml:lang="ja-JP" Duid="Article.Body.20150814.027-OYT1T50117" Essential="yes">
<Role Scheme="YgdistRole" FormalName="ArticleBody" />
<ContentItem>
<MediaType FormalName="Text" Scheme="IptcMediaTypes" />
<Format FormalName="XHTML" Scheme="IptcFormat" />
<MimeType FormalName="text/xml" Scheme="IptcMimeTypes" />
<DataContent>
<html>
<head>
<title />
</head>
<body>
<p>　戦後５０年の村山首相談話を発表した社民党の村山富市・元首相は１４日夜、大分市内で記者会見し、安倍首相談話について、「私も関心を持って拝聴したが、長々と言葉に十分配慮しながら、随分、苦労して作った文章だなという印象を受けた」と語った。</p>
<p>　一方で、「植民地支配、侵略、おわびなど、村山談話のキーワードは、できるだけ薄めて触れたくないという気持ちだったのだろう。焦点がぼけて、何を言いたかったのか分からない」と批判した。</p>
<p>　侵略と植民地支配がアジアの国々に「多大の損害と苦痛を与えた」とする村山首相談話の歴史認識について、安倍首相が引き継いでいるとの考え方を示したことに関しては、「植民地支配や侵略が悪かった、と率直に謝るような文章になっていない。（継承した印象は）ない」と強調した。</p>
</body>
</html>
</DataContent>
</ContentItem>
</NewsComponent>
</NewsComponent>
</NewsItem>
</NewsML>
