<?xml version="1.0" encoding="UTF-8"?><!DOCTYPE NewsML SYSTEM "./DTD/NewsMLv1.2.dtd" [<!ENTITY % xhtml11.dtd SYSTEM "./DTD/xhtml11-flat.dtd">
	%xhtml11.dtd;]>
<NewsML Version="1.2">
<Catalog Href="../catalog/catalogYomiuriMasterCatalog.xml" />
<NewsEnvelope>
<SentFrom>
<Party Scheme="NskParty" FormalName="Yomiuri" />
</SentFrom>
<DateAndTime>20150813T031702+0900</DateAndTime>
<NewsService Scheme="YgdistNewsService" FormalName="Ygdist-Full" />
<NewsProduct Scheme="YgdistNewsProduct" FormalName="NewsML:1.2" />
</NewsEnvelope>
<NewsItem>
<Identification>
      <NewsIdentifier>
        <ProviderId>yomiuri.co.jp</ProviderId>
        <DateId>20150812</DateId>
        <NewsItemId>027-OYT1T50119</NewsItemId>
        <RevisionId PreviousRevision="2" Update="N">3</RevisionId>
        <PublicIdentifier>urn:newsml:yomiuri.co.jp:20150812:027-OYT1T50119:3</PublicIdentifier>
      </NewsIdentifier>
    </Identification>
<NewsManagement>
<NewsItemType FormalName="News" Scheme="IptcNewsItemType" />
<FirstCreated>20150813T031702+0900</FirstCreated>
<ThisRevisionCreated>20150813T031702+0900</ThisRevisionCreated>
<Status FormalName="Usable" />
<Instruction Scheme="YgdistInstruction" FormalName="CancelAll">
<RevisionStatus>
<Status FormalName="Canceled" />
</RevisionStatus>
</Instruction>
</NewsManagement>
<NewsComponent xml:lang="ja-JP" Duid="Article.20150812.027-OYT1T50119">
<Role Scheme="YgdistRole" FormalName="Article" />
<NewsLines>
<HeadLine>福島原発浄化水　廃炉を前進させる海への放出</HeadLine>
<DateLine>2015-08-13 03:16:00</DateLine>
<CreditLine>読売新聞社</CreditLine>
<CopyrightLine>COPYRIGHT THE YOMIURI SHIMBUN</CopyrightLine>
</NewsLines>
<RightsMetadata>
        <Copyright>
          <CopyrightHolder>読売新聞社</CopyrightHolder>
          <CopyrightDate>2015</CopyrightDate>
        </Copyright>
      </RightsMetadata>
<DescriptiveMetadata>
<Language FormalName="ja" />
<SubjectCode>
<Subject FormalName="11000000" />
</SubjectCode>
</DescriptiveMetadata>
<Metadata>
<MetadataType FormalName="YomiuriNewsManagement" />
<Property FormalName="NewsCategory" Value="Full" />
</Metadata>
<Metadata>
<MetadataType FormalName="YomiuriMediaGenreCode" />
<Property FormalName="YomiuriMediaGenre" Value="社説" />
</Metadata>
<NewsComponent xml:lang="ja-JP" Duid="Article.HeadLine.20150812.027-OYT1T50119">
<Role Scheme="YgdistRole" FormalName="ArticleHeadLine" />
<ContentItem>
<MediaType FormalName="Text" Scheme="IptcMediaTypes" />
<Format FormalName="XHTML" Scheme="IptcFormat" />
<MimeType FormalName="text/xml" Scheme="IptcMimeTypes" />
<DataContent>
<html>
<head>
<title />
</head>
<body>
<p>福島原発浄化水　廃炉を前進させる海への放出</p>
</body>
</html>
</DataContent>
</ContentItem>
</NewsComponent>
<NewsComponent xml:lang="ja-JP" Duid="Article.Body.20150812.027-OYT1T50119" Essential="yes">
<Role Scheme="YgdistRole" FormalName="ArticleBody" />
<ContentItem>
<MediaType FormalName="Text" Scheme="IptcMediaTypes" />
<Format FormalName="XHTML" Scheme="IptcFormat" />
<MimeType FormalName="text/xml" Scheme="IptcMimeTypes" />
<DataContent>
<html>
<head>
<title />
</head>
<body>
<p>　東京電力福島第一原子力発電所の廃炉に向けた着実な一歩である。</p>
<p>　福島県漁業協同組合連合会が、東電の浄化水放出計画を容認した。</p>
<p>　原発建屋脇の井戸「サブドレン」からくみ上げた地下水を浄化処理し、海に放出する計画だ。壊れた建屋に地下水が流入して生じる汚染水の量を抑制することが期待される。</p>
<p>　風評被害を懸念する県漁連は、容認の前提条件として、厳格な水質管理や安全性に関する広報の強化など５項目を要望している。東電は<ruby>
<rb>真摯</rb>
<rp>（</rp>
<rt>しんし</rt>
<rp>）</rp>
</ruby>に対応し、早期の放出を実現せねばならない。</p>
<p>　水質管理について、東電は、飲料水の国際基準よりも厳しい目標を設ける方針だ。専用の処理システムによる水の浄化試験も実施している。データの公開と丁寧な説明で不安を解消したい。</p>
<p>　福島第一原発の建屋に流入する地下水の量は当初、１日約４００トンに達していた。</p>
<p>　昨年５月以降、山側の別の井戸から汚染前の地下水をくみ上げ、海に放出している。これにより、流入量は約３００トンに減った。</p>
<p>　新たにサブドレンからのくみ上げと海への放出が実現すれば、流入量は約１５０トンに半減するとみられている。</p>
<p>　汚染水管理に要する労力が大幅に軽減されるのは間違いない。</p>
<p>　県漁連は、放出を容認する理由の一つに、海洋汚染のリスク低減を挙げている。</p>
<p>　建屋前の港湾護岸には、汚染水流出を防ぐ遮水壁が設けられている。遮水壁には約１０メートルの開口部があり、完全には閉じられていない。県漁連は、ここから港湾内に流れ出す汚染水を問題視している。</p>
<p>　開口部を設けているのは、地下水を完全にせき止めると、ダムのように水位が上昇し、建屋への流入が増える恐れがあるためだ。</p>
<p>　サブドレンから地下水をくみ上げれば、水位上昇を防ぎ、遮水壁も閉鎖できる。風評被害の払拭につながるだろう。</p>
<p>　建屋への地下水流入を止めるため、周囲の土壌を凍らせる「凍土壁」の建設についても、地下水をくみ上げて水位を制御することにより、<ruby>
<rb>進捗</rb>
<rp>（</rp>
<rt>しんちょく</rt>
<rp>）</rp>
</ruby>が期待できる。</p>
<p>　ただし、浄化水を放出しても、汚染水はたまり続ける。敷地内には既に、約９５０基のタンクが林立しており、総量は約６９万トンにも及ぶ。早晩、設置場所を確保するのは困難になる。</p>
<p>　タンク内の水も着実に浄化処理が進んでいる。いずれは、海への放出を検討せねばなるまい。</p>
</body>
</html>
</DataContent>
</ContentItem>
</NewsComponent>
</NewsComponent>
</NewsItem>
</NewsML>
