<?xml version="1.0" encoding="UTF-8"?><!DOCTYPE NewsML SYSTEM "./DTD/NewsMLv1.2.dtd" [<!ENTITY % xhtml11.dtd SYSTEM "./DTD/xhtml11-flat.dtd">
	%xhtml11.dtd;]>
<NewsML Version="1.2">
<Catalog Href="../catalog/catalogYomiuriMasterCatalog.xml" />
<NewsEnvelope>
<SentFrom>
<Party Scheme="NskParty" FormalName="Yomiuri" />
</SentFrom>
<DateAndTime>20150817T122716+0900</DateAndTime>
<NewsService Scheme="YgdistNewsService" FormalName="Ygdist-Full" />
<NewsProduct Scheme="YgdistNewsProduct" FormalName="NewsML:1.2" />
</NewsEnvelope>
<NewsItem>
<Identification>
      <NewsIdentifier>
        <ProviderId>yomiuri.co.jp</ProviderId>
        <DateId>20150816</DateId>
        <NewsItemId>027-OYT1T50035</NewsItemId>
        <RevisionId PreviousRevision="11" Update="N">12</RevisionId>
        <PublicIdentifier>urn:newsml:yomiuri.co.jp:20150816:027-OYT1T50035:12</PublicIdentifier>
      </NewsIdentifier>
    </Identification>
<NewsManagement>
<NewsItemType FormalName="News" Scheme="IptcNewsItemType" />
<FirstCreated>20150816T163631+0900</FirstCreated>
<ThisRevisionCreated>20150817T122716+0900</ThisRevisionCreated>
<Status FormalName="Usable" />
<Instruction Scheme="YgdistInstruction" FormalName="CancelAll">
<RevisionStatus>
<Status FormalName="Canceled" />
</RevisionStatus>
</Instruction>
</NewsManagement>
<NewsComponent xml:lang="ja-JP" Duid="Article.20150816.027-OYT1T50035">
<Role Scheme="YgdistRole" FormalName="Article" />
<NewsLines>
<HeadLine>悪天候で「こうのとり」打ち上げ１９日に再延期</HeadLine>
<DateLine>2015-08-17 12:26:00</DateLine>
<CreditLine>読売新聞社</CreditLine>
<CopyrightLine>COPYRIGHT THE YOMIURI SHIMBUN</CopyrightLine>
</NewsLines>
<RightsMetadata>
        <Copyright>
          <CopyrightHolder>読売新聞社</CopyrightHolder>
          <CopyrightDate>2015</CopyrightDate>
        </Copyright>
      </RightsMetadata>
<DescriptiveMetadata>
<Language FormalName="ja" />
<SubjectCode>
<Subject FormalName="11000000" />
</SubjectCode>
</DescriptiveMetadata>
<Metadata>
<MetadataType FormalName="YomiuriNewsManagement" />
<Property FormalName="NewsCategory" Value="Full" />
</Metadata>
<Metadata>
<MetadataType FormalName="YomiuriMediaGenreCode" />
<Property FormalName="YomiuriMediaGenre" Value="科学" />
</Metadata>
<NewsComponent xml:lang="ja-JP" Duid="Article.HeadLine.20150816.027-OYT1T50035">
<Role Scheme="YgdistRole" FormalName="ArticleHeadLine" />
<ContentItem>
<MediaType FormalName="Text" Scheme="IptcMediaTypes" />
<Format FormalName="XHTML" Scheme="IptcFormat" />
<MimeType FormalName="text/xml" Scheme="IptcMimeTypes" />
<DataContent>
<html>
<head>
<title />
</head>
<body>
<p>悪天候で「こうのとり」打ち上げ１９日に再延期</p>
</body>
</html>
</DataContent>
</ContentItem>
</NewsComponent>
<NewsComponent xml:lang="ja-JP" Duid="Article.Body.20150816.027-OYT1T50035" Essential="yes">
<Role Scheme="YgdistRole" FormalName="ArticleBody" />
<ContentItem>
<MediaType FormalName="Text" Scheme="IptcMediaTypes" />
<Format FormalName="XHTML" Scheme="IptcFormat" />
<MimeType FormalName="text/xml" Scheme="IptcMimeTypes" />
<DataContent>
<html>
<head>
<title />
</head>
<body>
<p>　鹿児島県の種子島宇宙センターで１７日夜に予定されていたＨ２Ｂロケットの打ち上げは、悪天候が予想されたため、１９日に延期された。</p>
<p>　三菱重工業と宇宙航空研究開発機構（<ruby>
<rb>ＪＡＸＡ</rb>
<rp>（</rp>
<rt>ジャクサ</rt>
<rp>）</rp>
</ruby>）が１６日、発表した。</p>
<p>　三菱重工業の担当者は「１５日の時点で打ち上げはできる見込みだったが、１７日に発射場の周辺で雷が発生する恐れが出たため」と説明している。悪天候による同ロケットの打ち上げ日時の延期は２回目。</p>
<p>　ロケットには、国際宇宙ステーション（ＩＳＳ）へ物資を運ぶ無人補給船「こうのとり」５号機が搭載されている。ＩＳＳには<ruby>
<rb>油井亀美也</rb>
<rp>（</rp>
<rt>ゆいきみや</rt>
<rp>）</rp>
</ruby>宇宙飛行士（４５）が滞在中で、油井さんが２１日夜、こうのとりをロボットアームでつかむ作業を行う予定だったが、この作業も遅れる見通しだ。</p>
</body>
</html>
</DataContent>
</ContentItem>
</NewsComponent>
</NewsComponent>
</NewsItem>
</NewsML>
