<?xml version="1.0" encoding="UTF-8"?><!DOCTYPE NewsML SYSTEM "./DTD/NewsMLv1.2.dtd" [<!ENTITY % xhtml11.dtd SYSTEM "./DTD/xhtml11-flat.dtd">
	%xhtml11.dtd;]>
<NewsML Version="1.2">
<Catalog Href="../catalog/catalogYomiuriMasterCatalog.xml" />
<NewsEnvelope>
<SentFrom>
<Party Scheme="NskParty" FormalName="Yomiuri" />
</SentFrom>
<DateAndTime>20150813T031903+0900</DateAndTime>
<NewsService Scheme="YgdistNewsService" FormalName="Ygdist-Full" />
<NewsProduct Scheme="YgdistNewsProduct" FormalName="NewsML:1.2" />
</NewsEnvelope>
<NewsItem>
<Identification>
      <NewsIdentifier>
        <ProviderId>yomiuri.co.jp</ProviderId>
        <DateId>20150812</DateId>
        <NewsItemId>027-OYT1T50122</NewsItemId>
        <RevisionId PreviousRevision="2" Update="N">3</RevisionId>
        <PublicIdentifier>urn:newsml:yomiuri.co.jp:20150812:027-OYT1T50122:3</PublicIdentifier>
      </NewsIdentifier>
    </Identification>
<NewsManagement>
<NewsItemType FormalName="News" Scheme="IptcNewsItemType" />
<FirstCreated>20150813T031903+0900</FirstCreated>
<ThisRevisionCreated>20150813T031903+0900</ThisRevisionCreated>
<Status FormalName="Usable" />
<Instruction Scheme="YgdistInstruction" FormalName="CancelAll">
<RevisionStatus>
<Status FormalName="Canceled" />
</RevisionStatus>
</Instruction>
</NewsManagement>
<NewsComponent xml:lang="ja-JP" Duid="Article.20150812.027-OYT1T50122">
<Role Scheme="YgdistRole" FormalName="Article" />
<NewsLines>
<HeadLine>辺野古集中協議　政府は沖縄への説得を尽くせ</HeadLine>
<DateLine>2015-08-13 03:18:00</DateLine>
<CreditLine>読売新聞社</CreditLine>
<CopyrightLine>COPYRIGHT THE YOMIURI SHIMBUN</CopyrightLine>
</NewsLines>
<RightsMetadata>
        <Copyright>
          <CopyrightHolder>読売新聞社</CopyrightHolder>
          <CopyrightDate>2015</CopyrightDate>
        </Copyright>
      </RightsMetadata>
<DescriptiveMetadata>
<Language FormalName="ja" />
<SubjectCode>
<Subject FormalName="11000000" />
</SubjectCode>
</DescriptiveMetadata>
<Metadata>
<MetadataType FormalName="YomiuriNewsManagement" />
<Property FormalName="NewsCategory" Value="Full" />
</Metadata>
<Metadata>
<MetadataType FormalName="YomiuriMediaGenreCode" />
<Property FormalName="YomiuriMediaGenre" Value="社説" />
</Metadata>
<NewsComponent xml:lang="ja-JP" Duid="Article.HeadLine.20150812.027-OYT1T50122">
<Role Scheme="YgdistRole" FormalName="ArticleHeadLine" />
<ContentItem>
<MediaType FormalName="Text" Scheme="IptcMediaTypes" />
<Format FormalName="XHTML" Scheme="IptcFormat" />
<MimeType FormalName="text/xml" Scheme="IptcMimeTypes" />
<DataContent>
<html>
<head>
<title />
</head>
<body>
<p>辺野古集中協議　政府は沖縄への説得を尽くせ</p>
</body>
</html>
</DataContent>
</ContentItem>
</NewsComponent>
<NewsComponent xml:lang="ja-JP" Duid="Article.Body.20150812.027-OYT1T50122" Essential="yes">
<Role Scheme="YgdistRole" FormalName="ArticleBody" />
<ContentItem>
<MediaType FormalName="Text" Scheme="IptcMediaTypes" />
<Format FormalName="XHTML" Scheme="IptcFormat" />
<MimeType FormalName="text/xml" Scheme="IptcMimeTypes" />
<DataContent>
<html>
<head>
<title />
</head>
<body>
<p>　移設作業を中断する１か月間を有効活用し、接点を真剣に探りたい。</p>
<p>　菅官房長官が沖縄県を訪れ、翁長雄志知事と会談した。米軍普天間飛行場の辺野古移設を巡る政府と県の集中協議の初会合だ。</p>
<p>　菅氏は、「普天間飛行場の危険除去と、代替案としての県内移設が原点だ」と語り、辺野古移設に理解を求めた。</p>
<p>　翁長氏は「普天間は強制収用されて造られたのが原点だ」と反論した。「米軍の抑止力を沖縄だけに頼るのはおかしい」とも述べ、移設反対の主張を繰り返した。</p>
<p>　政府と県は９月９日までに、他の関係閣僚や副知事が出席する会談を含めて計５回程度の協議を予定している。建設的な対話を通じて、信頼関係を構築すべきだ。</p>
<p>　政府は、移設の意義を丁寧に説明し、県の説得に全力を挙げねばならない。その環境作りとして、沖縄振興策や基地負担の軽減策を着実に実施することが大切だ。</p>
<p>　政府は２０１６年度予算で、引き続き３０００億円台の沖縄振興予算を確保する方針である。一括交付金や、那覇空港第２滑走路建設などが柱となる。</p>
<p>　「ユニバーサル・スタジオ・ジャパン」の運営会社が検討する県北部でのテーマパーク建設も後押しすることにしている。</p>
<p>　負担軽減策では、牧港補給地区など、日米が合意した県南部の米軍施設返還の前倒しを求めて、米側への働きかけを強める。</p>
<p>　こうした政府の努力の積み重ねが、県内に根強い辺野古移設への反発を和らげよう。</p>
<p>　翁長氏は会談前夜の菅氏との会食で、「沖縄と本土には気持ちの<ruby>
<rb>乖離</rb>
<rp>（</rp>
<rt>かいり</rt>
<rp>）</rp>
</ruby>がある。沖縄の『魂の飢餓感』を理解できなければ、個別の問題解決は難しい」と訴えた。</p>
<p>　沖縄の米軍基地負担が重いことは事実だが、沖縄は特別な存在なので政府が一方的に譲歩すべきだ、という<ruby>
<rb>頑</rb>
<rp>（</rp>
<rt>かたく</rt>
<rp>）</rp>
</ruby>なな姿勢だけでは問題は解決するまい。</p>
<p>　県内でも、政府との対立を深める翁長氏の政治手法を危ぶむ意見が出始めている。</p>
<p>　前知事の埋め立て承認を「法的<ruby>
<rb>瑕疵</rb>
<rp>（</rp>
<rt>かし</rt>
<rp>）</rp>
</ruby>がある」と断じた翁長氏の私的諮問機関の報告書に対し、県庁内には「埋め立て承認を取り消した場合、瑕疵を客観的に証明できるのか」といった指摘がある。</p>
<p>　諮問機関についても、「県職員が承認手続きに手心を加えたかのような前提に立っているのは心外だ」との不満がくすぶる。</p>
<p>　翁長氏は、こうした声にも耳を傾けるべきではないか。</p>
</body>
</html>
</DataContent>
</ContentItem>
</NewsComponent>
</NewsComponent>
</NewsItem>
</NewsML>
