<?xml version="1.0" encoding="UTF-8"?>
<!DOCTYPE NewsML SYSTEM "./DTD/NewsMLv1.2.dtd" [<!ENTITY % xhtml11.dtd SYSTEM "./DTD/xhtml11-flat.dtd">
	%xhtml11.dtd;]><NewsML Version="1.2">
<Catalog Href="../catalog/catalogYomiuriMasterCatalog.xml" />
<NewsEnvelope>
<SentFrom>
<Party Scheme="NskParty" FormalName="Yomiuri" />
</SentFrom>
<DateAndTime>20150813T234034+0900</DateAndTime>
<NewsService Scheme="YgdistNewsService" FormalName="Ygdist-Full" />
<NewsProduct Scheme="YgdistNewsProduct" FormalName="NewsML:1.2" />
</NewsEnvelope>
<NewsItem>
<Identification>
      <NewsIdentifier>
        <ProviderId>yomiuri.co.jp</ProviderId>
        <DateId>20150813</DateId>
        <NewsItemId>027-OYT1R00000</NewsItemId>
        <RevisionId PreviousRevision="123" Update="N">124</RevisionId>
        <PublicIdentifier>urn:newsml:yomiuri.co.jp:20150813:027-OYT1R00000:124</PublicIdentifier>
      </NewsIdentifier>
    </Identification>
<NewsManagement>
<NewsItemType FormalName="News" Scheme="IptcNewsItemType" />
<FirstCreated>20150813T031702+0900</FirstCreated>
<ThisRevisionCreated>20150813T234034+0900</ThisRevisionCreated>
<Status FormalName="Usable" />
<Instruction Scheme="YgdistInstruction" FormalName="CancelAll">
<RevisionStatus>
<Status FormalName="Canceled" />
</RevisionStatus>
</Instruction>
</NewsManagement>
<NewsComponent xml:lang="ja-JP" Duid="Ref.20150813.027-OYT1R00000">
<Role Scheme="YgdistRole" FormalName="Ref" />
<NewsLines>
<HeadLine>読売新聞ニュース</HeadLine>
<DateLine>2015-08-13 23:40:34</DateLine>
<CreditLine>読売新聞社</CreditLine>
<CopyrightLine>COPYRIGHT THE YOMIURI SHIMBUN</CopyrightLine>
</NewsLines>
<RightsMetadata>
        <Copyright>
          <CopyrightHolder>読売新聞社</CopyrightHolder>
          <CopyrightDate>2015</CopyrightDate>
        </Copyright>
      </RightsMetadata>
<DescriptiveMetadata>
<Language FormalName="ja" />
</DescriptiveMetadata>
<Metadata>
<MetadataType FormalName="YomiuriNewsManagement" />
<Property FormalName="NewsCategory" Value="Full" />
</Metadata>
<NewsComponent xml:lang="ja-JP" Duid="Ref-1-Top-01" Euid="Top-01">
<Role Scheme="YgdistRole" FormalName="RefTop" />
<NewsLines>
            <HeadLine>天津爆発、５０人死亡７０１人けが…不明者も</HeadLine>
            <DateLine>2015-08-13 23:01:00</DateLine>
          </NewsLines>
<Metadata>
<MetadataType FormalName="YomiuriNewsPriority" />
<Property FormalName="Top" Value="01" />
</Metadata>
<NewsItemRef NewsItem="urn:newsml:yomiuri.co.jp:20150813:027-OYT1T50005:30" />
</NewsComponent>
<NewsComponent xml:lang="ja-JP" Duid="Ref-1-Main-01" Euid="Main-01">
<Role Scheme="YgdistRole" FormalName="RefMain" />
<NewsLines>
            <HeadLine>轟音「家中の窓が吹き飛んだ」…住民たちに不安</HeadLine>
            <DateLine>2015-08-13 22:59:00</DateLine>
          </NewsLines>
<Metadata>
<MetadataType FormalName="YomiuriNewsPriority" />
<Property FormalName="Main" Value="01" />
</Metadata>
<NewsItemRef NewsItem="urn:newsml:yomiuri.co.jp:20150813:027-OYT1T50137:9" />
</NewsComponent>
<NewsComponent xml:lang="ja-JP" Duid="Ref-1-Main-02" Euid="Main-02">
<Role Scheme="YgdistRole" FormalName="RefMain" />
<NewsLines>
            <HeadLine>ひまわり、煙のような物質撮影…爆発と関連か</HeadLine>
            <DateLine>2015-08-13 23:38:00</DateLine>
          </NewsLines>
<Metadata>
<MetadataType FormalName="YomiuriNewsPriority" />
<Property FormalName="Main" Value="02" />
</Metadata>
<NewsItemRef NewsItem="urn:newsml:yomiuri.co.jp:20150813:027-OYT1T50133:5" />
</NewsComponent>
<NewsComponent xml:lang="ja-JP" Duid="Ref-1-Main-03" Euid="Main-03">
<Role Scheme="YgdistRole" FormalName="RefMain" />
<NewsLines>
            <HeadLine>７０年談話、反省と感謝の意…首相会見し説明へ</HeadLine>
            <DateLine>2015-08-13 21:52:00</DateLine>
          </NewsLines>
<Metadata>
<MetadataType FormalName="YomiuriNewsPriority" />
<Property FormalName="Main" Value="03" />
</Metadata>
<NewsItemRef NewsItem="urn:newsml:yomiuri.co.jp:20150813:027-OYT1T50117:3" />
</NewsComponent>
<NewsComponent xml:lang="ja-JP" Duid="Ref-1-Main-04" Euid="Main-04">
<Role Scheme="YgdistRole" FormalName="RefMain" />
<NewsLines>
            <HeadLine>勝てないのは分かっていた…元特攻隊員が回想</HeadLine>
            <DateLine>2015-08-13 23:10:00</DateLine>
          </NewsLines>
<Metadata>
<MetadataType FormalName="YomiuriNewsPriority" />
<Property FormalName="Main" Value="04" />
</Metadata>
<NewsItemRef NewsItem="urn:newsml:yomiuri.co.jp:20150813:027-OYT1T50146:3" />
</NewsComponent>
<NewsComponent xml:lang="ja-JP" Duid="Ref-1-Main-05" Euid="Main-05">
<Role Scheme="YgdistRole" FormalName="RefMain" />
<NewsLines>
            <HeadLine>エスカレーター、片側歩行やめて…転倒相次ぐ</HeadLine>
            <DateLine>2015-08-13 14:42:00</DateLine>
          </NewsLines>
<Metadata>
<MetadataType FormalName="YomiuriNewsPriority" />
<Property FormalName="Main" Value="05" />
</Metadata>
<NewsItemRef NewsItem="urn:newsml:yomiuri.co.jp:20150813:027-OYT1T50085:5" />
</NewsComponent>
</NewsComponent>
</NewsItem>
</NewsML>