<?xml version="1.0" encoding="UTF-8"?><!DOCTYPE NewsML SYSTEM "./DTD/NewsMLv1.2.dtd" [<!ENTITY % xhtml11.dtd SYSTEM "./DTD/xhtml11-flat.dtd">
	%xhtml11.dtd;]>
<NewsML Version="1.2">
<Catalog Href="../catalog/catalogYomiuriMasterCatalog.xml" />
<NewsEnvelope>
<SentFrom>
<Party Scheme="NskParty" FormalName="Yomiuri" />
</SentFrom>
<DateAndTime>20150808T072357+0900</DateAndTime>
<NewsService Scheme="YgdistNewsService" FormalName="Ygdist-Full" />
<NewsProduct Scheme="YgdistNewsProduct" FormalName="NewsML:1.2" />
</NewsEnvelope>
<NewsItem>
<Identification>
      <NewsIdentifier>
        <ProviderId>yomiuri.co.jp</ProviderId>
        <DateId>20150808</DateId>
        <NewsItemId>027-OYT1T50006</NewsItemId>
        <RevisionId PreviousRevision="2" Update="N">3</RevisionId>
        <PublicIdentifier>urn:newsml:yomiuri.co.jp:20150808:027-OYT1T50006:3</PublicIdentifier>
      </NewsIdentifier>
    </Identification>
<NewsManagement>
<NewsItemType FormalName="News" Scheme="IptcNewsItemType" />
<FirstCreated>20150808T072357+0900</FirstCreated>
<ThisRevisionCreated>20150808T072357+0900</ThisRevisionCreated>
<Status FormalName="Usable" />
<Instruction Scheme="YgdistInstruction" FormalName="CancelAll">
<RevisionStatus>
<Status FormalName="Canceled" />
</RevisionStatus>
</Instruction>
</NewsManagement>
<NewsComponent xml:lang="ja-JP" Duid="Article.20150808.027-OYT1T50006">
<Role Scheme="YgdistRole" FormalName="Article" />
<NewsLines>
<HeadLine>五輪野球８チーム案…期間短縮、プロ選手も参加</HeadLine>
<DateLine>2015-08-08 07:23:00</DateLine>
<CreditLine>読売新聞社</CreditLine>
<CopyrightLine>COPYRIGHT THE YOMIURI SHIMBUN</CopyrightLine>
</NewsLines>
<RightsMetadata>
        <Copyright>
          <CopyrightHolder>読売新聞社</CopyrightHolder>
          <CopyrightDate>2015</CopyrightDate>
        </Copyright>
      </RightsMetadata>
<DescriptiveMetadata>
<Language FormalName="ja" />
<SubjectCode>
<Subject FormalName="11000000" />
</SubjectCode>
</DescriptiveMetadata>
<Metadata>
<MetadataType FormalName="YomiuriNewsManagement" />
<Property FormalName="NewsCategory" Value="Full" />
</Metadata>
<Metadata>
<MetadataType FormalName="YomiuriMediaGenreCode" />
<Property FormalName="YomiuriMediaGenre" Value="スポーツ" />
<Property FormalName="YomiuriMediaGenre2" Value="東京五輪" />
</Metadata>
<NewsComponent xml:lang="ja-JP" Duid="Article.HeadLine.20150808.027-OYT1T50006">
<Role Scheme="YgdistRole" FormalName="ArticleHeadLine" />
<ContentItem>
<MediaType FormalName="Text" Scheme="IptcMediaTypes" />
<Format FormalName="XHTML" Scheme="IptcFormat" />
<MimeType FormalName="text/xml" Scheme="IptcMimeTypes" />
<DataContent>
<html>
<head>
<title />
</head>
<body>
<p>五輪野球８チーム案…期間短縮、プロ選手も参加</p>
</body>
</html>
</DataContent>
</ContentItem>
</NewsComponent>
<NewsComponent xml:lang="ja-JP" Duid="Article.Body.20150808.027-OYT1T50006" Essential="yes">
<Role Scheme="YgdistRole" FormalName="ArticleBody" />
<ContentItem>
<MediaType FormalName="Text" Scheme="IptcMediaTypes" />
<Format FormalName="XHTML" Scheme="IptcFormat" />
<MimeType FormalName="text/xml" Scheme="IptcMimeTypes" />
<DataContent>
<html>
<head>
<title />
</head>
<body>
<p>　２０２０年東京五輪に開催都市が提案できる追加種目について、大会組織委員会の種目追加検討会議は７日、最終選考に残った８競技の国際団体へのヒアリングを都内で行った。</p>
<p>　各団体はヒアリング後、記者会見で競技の魅力をアピール。世界少年野球推進財団の王貞治理事長（ソフトバンク球団会長）も出席した世界野球ソフトボール連盟は、日本で人気があり、施設が十分な点を強調。野球、ソフトボールで各８チームが出場する案を示し、競技期間短縮でプロ選手の参加も促すとした。</p>
<p>　世界空手連盟の奈蔵稔久事務総長は、形と組手を実施したい意向を示した。国際サーフィン連盟は、男女各２種目を実施し、男女６０人ずつが出場する案を提示。会場候補の一つに千葉の外房を挙げたという。</p>
</body>
</html>
</DataContent>
</ContentItem>
</NewsComponent>
</NewsComponent>
</NewsItem>
</NewsML>
