<?xml version="1.0" encoding="UTF-8"?><!DOCTYPE NewsML SYSTEM "./DTD/NewsMLv1.2.dtd" [<!ENTITY % xhtml11.dtd SYSTEM "./DTD/xhtml11-flat.dtd">
	%xhtml11.dtd;]>
<NewsML Version="1.2">
<Catalog Href="../catalog/catalogYomiuriMasterCatalog.xml" />
<NewsEnvelope>
<SentFrom>
<Party Scheme="NskParty" FormalName="Yomiuri" />
</SentFrom>
<DateAndTime>20150814T073141+0900</DateAndTime>
<NewsService Scheme="YgdistNewsService" FormalName="Ygdist-Full" />
<NewsProduct Scheme="YgdistNewsProduct" FormalName="NewsML:1.2" />
</NewsEnvelope>
<NewsItem>
<Identification>
      <NewsIdentifier>
        <ProviderId>yomiuri.co.jp</ProviderId>
        <DateId>20150814</DateId>
        <NewsItemId>027-OYT1T50016</NewsItemId>
        <RevisionId PreviousRevision="1" Update="N">2</RevisionId>
        <PublicIdentifier>urn:newsml:yomiuri.co.jp:20150814:027-OYT1T50016:2</PublicIdentifier>
      </NewsIdentifier>
    </Identification>
<NewsManagement>
<NewsItemType FormalName="News" Scheme="IptcNewsItemType" />
<FirstCreated>20150814T073141+0900</FirstCreated>
<ThisRevisionCreated>20150814T073141+0900</ThisRevisionCreated>
<Status FormalName="Usable" />
<Instruction Scheme="YgdistInstruction" FormalName="CancelAll">
<RevisionStatus>
<Status FormalName="Canceled" />
</RevisionStatus>
</Instruction>
</NewsManagement>
<NewsComponent xml:lang="ja-JP" Duid="Article.20150814.027-OYT1T50016">
<Role Scheme="YgdistRole" FormalName="Article" />
<NewsLines>
<HeadLine>中国「抗日戦争勝利」宣伝を強化…特別展や映画</HeadLine>
<DateLine>2015-08-14 07:31:00</DateLine>
<CreditLine>読売新聞社</CreditLine>
<CopyrightLine>COPYRIGHT THE YOMIURI SHIMBUN</CopyrightLine>
</NewsLines>
<RightsMetadata>
        <Copyright>
          <CopyrightHolder>読売新聞社</CopyrightHolder>
          <CopyrightDate>2015</CopyrightDate>
        </Copyright>
      </RightsMetadata>
<DescriptiveMetadata>
<Language FormalName="ja" />
<SubjectCode>
<Subject FormalName="11000000" />
</SubjectCode>
</DescriptiveMetadata>
<Metadata>
<MetadataType FormalName="YomiuriNewsManagement" />
<Property FormalName="NewsCategory" Value="Full" />
</Metadata>
<Metadata>
<MetadataType FormalName="YomiuriMediaGenreCode" />
<Property FormalName="YomiuriMediaGenre" Value="国際" />
</Metadata>
<NewsComponent xml:lang="ja-JP" Duid="Article.HeadLine.20150814.027-OYT1T50016">
<Role Scheme="YgdistRole" FormalName="ArticleHeadLine" />
<ContentItem>
<MediaType FormalName="Text" Scheme="IptcMediaTypes" />
<Format FormalName="XHTML" Scheme="IptcFormat" />
<MimeType FormalName="text/xml" Scheme="IptcMimeTypes" />
<DataContent>
<html>
<head>
<title />
</head>
<body>
<p>中国「抗日戦争勝利」宣伝を強化…特別展や映画</p>
</body>
</html>
</DataContent>
</ContentItem>
</NewsComponent>
<NewsComponent xml:lang="ja-JP" Duid="Article.Body.20150814.027-OYT1T50016" Essential="yes">
<Role Scheme="YgdistRole" FormalName="ArticleBody" />
<ContentItem>
<MediaType FormalName="Text" Scheme="IptcMediaTypes" />
<Format FormalName="XHTML" Scheme="IptcFormat" />
<MimeType FormalName="text/xml" Scheme="IptcMimeTypes" />
<DataContent>
<html>
<head>
<title />
</head>
<body>
<p>　【北京＝竹腰雅彦、上海＝鈴木隆弘】第２次世界大戦の終結から１５日で７０年となるのに合わせ、中国の<ruby>
<rb>習近平</rb>
<rp>（</rp>
<rt>シージンピン</rt>
<rp>）</rp>
</ruby>政権が、「反ファシスト戦争・抗日戦争勝利７０年」を国内外にアピールする活動を強化している。</p>
<p>　９月３日に北京で行う戦勝７０年記念大会と軍事パレードに向け、国を挙げた宣伝は一段と加速しそうだ。</p>
<p>　この夏、中国各地の博物館や美術館は「抗日」をテーマにした特別展を競って開いている。</p>
<p>　北京の革命軍事博物館は、軍主催の「抗日戦争展」を開催中だ。「日本の侵略で３５００万人が死傷、直接被害は１０００億ドルに上った」。案内の女性軍人の解説に、子どもたちが真剣な表情で聞き入っていた。</p>
<p>　同じく北京の抗日戦争記念館では、７月７日からの約１か月で参観者数が約２６万人に達した。習国家主席ら最高指導部メンバーが相次いで訪れた影響で一般国民の利用が増加。連日、通常の２倍以上が入場するという。上海では１３日、上海事変をテーマにした抗日記念館が再オープン。上海市政府は国外メディア約５０人を招いてアピールした。</p>
<p>　中国では今年７～１０月、「抗日」をテーマとする映画とテレビドラマ計４５作品の放映、１８０の舞台の公演、関連図書２００点以上の出版も予定されている。</p>
</body>
</html>
</DataContent>
</ContentItem>
</NewsComponent>
<NewsComponent xml:lang="ja-JP" Duid="Article.RelatedImage1.20150814.027-OYT1T50016">
<Role Scheme="YgdistRole" FormalName="ArticleRelatedImage" />
<NewsItemRef NewsItem="urn:newsml:yomiuri.co.jp:20150814:027-OYT1I50005:2" />
</NewsComponent>
</NewsComponent>
</NewsItem>
</NewsML>
