<?xml version="1.0" encoding="UTF-8"?><!DOCTYPE NewsML SYSTEM "./DTD/NewsMLv1.2.dtd" [<!ENTITY % xhtml11.dtd SYSTEM "./DTD/xhtml11-flat.dtd">
	%xhtml11.dtd;]>
<NewsML Version="1.2">
<Catalog Href="../catalog/catalogYomiuriMasterCatalog.xml" />
<NewsEnvelope>
<SentFrom>
<Party Scheme="NskParty" FormalName="Yomiuri" />
</SentFrom>
<DateAndTime>20150812T231136+0900</DateAndTime>
<NewsService Scheme="YgdistNewsService" FormalName="Ygdist-Full" />
<NewsProduct Scheme="YgdistNewsProduct" FormalName="NewsML:1.2" />
</NewsEnvelope>
<NewsItem>
<Identification>
      <NewsIdentifier>
        <ProviderId>yomiuri.co.jp</ProviderId>
        <DateId>20150812</DateId>
        <NewsItemId>027-OYT1T50069</NewsItemId>
        <RevisionId PreviousRevision="28" Update="N">29</RevisionId>
        <PublicIdentifier>urn:newsml:yomiuri.co.jp:20150812:027-OYT1T50069:29</PublicIdentifier>
      </NewsIdentifier>
    </Identification>
<NewsManagement>
<NewsItemType FormalName="News" Scheme="IptcNewsItemType" />
<FirstCreated>20150812T162914+0900</FirstCreated>
<ThisRevisionCreated>20150812T231136+0900</ThisRevisionCreated>
<Status FormalName="Usable" />
<Instruction Scheme="YgdistInstruction" FormalName="CancelAll">
<RevisionStatus>
<Status FormalName="Canceled" />
</RevisionStatus>
</Instruction>
</NewsManagement>
<NewsComponent xml:lang="ja-JP" Duid="Article.20150812.027-OYT1T50069">
<Role Scheme="YgdistRole" FormalName="Article" />
<NewsLines>
<HeadLine>米軍ヘリ、米艦船上に墜落…陸自隊員ら６人負傷</HeadLine>
<DateLine>2015-08-12 21:29:00</DateLine>
<CreditLine>読売新聞社</CreditLine>
<CopyrightLine>COPYRIGHT THE YOMIURI SHIMBUN</CopyrightLine>
</NewsLines>
<RightsMetadata>
        <Copyright>
          <CopyrightHolder>読売新聞社</CopyrightHolder>
          <CopyrightDate>2015</CopyrightDate>
        </Copyright>
      </RightsMetadata>
<DescriptiveMetadata>
<Language FormalName="ja" />
<SubjectCode>
<Subject FormalName="11000000" />
</SubjectCode>
</DescriptiveMetadata>
<Metadata>
<MetadataType FormalName="YomiuriNewsManagement" />
<Property FormalName="NewsCategory" Value="Full" />
</Metadata>
<Metadata>
<MetadataType FormalName="YomiuriMediaGenreCode" />
<Property FormalName="YomiuriMediaGenre" Value="社会" />
</Metadata>
<NewsComponent xml:lang="ja-JP" Duid="Article.HeadLine.20150812.027-OYT1T50069">
<Role Scheme="YgdistRole" FormalName="ArticleHeadLine" />
<ContentItem>
<MediaType FormalName="Text" Scheme="IptcMediaTypes" />
<Format FormalName="XHTML" Scheme="IptcFormat" />
<MimeType FormalName="text/xml" Scheme="IptcMimeTypes" />
<DataContent>
<html>
<head>
<title />
</head>
<body>
<p>米軍ヘリ、米艦船上に墜落…陸自隊員ら６人負傷</p>
</body>
</html>
</DataContent>
</ContentItem>
</NewsComponent>
<NewsComponent xml:lang="ja-JP" Duid="Article.Body.20150812.027-OYT1T50069" Essential="yes">
<Role Scheme="YgdistRole" FormalName="ArticleBody" />
<ContentItem>
<MediaType FormalName="Text" Scheme="IptcMediaTypes" />
<Format FormalName="XHTML" Scheme="IptcFormat" />
<MimeType FormalName="text/xml" Scheme="IptcMimeTypes" />
<DataContent>
<html>
<head>
<title />
</head>
<body>
<p>　１２日午後１時５０分頃、米陸軍所属の多用途ヘリ「Ｈ６０」が、沖縄県うるま市の<ruby>
<rb>伊計</rb>
<rp>（</rp>
<rt>いけい</rt>
<rp>）</rp>
</ruby>島沖約１４キロの米艦船上に墜落した。</p>
<p>　訓練中、着艦に失敗したとみられ、米軍によると、乗員１７人のうち６人が負傷し、病院に搬送された。民間への被害や油の流出などは確認されていない。</p>
<p>　防衛省によると、負傷した６人のうち２人は、研修の一環で搭乗していた陸上自衛隊の隊員。１人は骨折の疑いがあり、１人は切り傷を負ったという。</p>
<p>　第１１管区海上保安本部（那覇市）は米軍キャンプ<ruby>
<rb>瑞慶覧</rb>
<rp>（</rp>
<rt>ずけらん</rt>
<rp>）</rp>
</ruby>（<ruby>
<rb>北谷</rb>
<rp>（</rp>
<rt>ちゃたん</rt>
<rp>）</rp>
</ruby>町など）からの救助要請を受け、巡視船など４隻、ヘリ２機を出動させた。午後４時１２分、米軍側から「全員救助を終えた」と連絡を受けたため、現場を確認した上で引き返した。</p>
<p>　１１管のヘリが午後３時３０分頃に現地に到着した際は、機体は米艦船の甲板上にあり、ローターなどが破損していた。油や機械の残骸は海上にはなく、米軍からは「機体は海に着水していない」と伝えられたという。</p>
</body>
</html>
</DataContent>
</ContentItem>
</NewsComponent>
</NewsComponent>
</NewsItem>
</NewsML>
