<?xml version="1.0" encoding="UTF-8"?><!DOCTYPE NewsML SYSTEM "./DTD/NewsMLv1.2.dtd" [<!ENTITY % xhtml11.dtd SYSTEM "./DTD/xhtml11-flat.dtd">
	%xhtml11.dtd;]>
<NewsML Version="1.2">
<Catalog Href="../catalog/catalogYomiuriMasterCatalog.xml" />
<NewsEnvelope>
<SentFrom>
<Party Scheme="NskParty" FormalName="Yomiuri" />
</SentFrom>
<DateAndTime>20150815T093011+0900</DateAndTime>
<NewsService Scheme="YgdistNewsService" FormalName="Ygdist-Full" />
<NewsProduct Scheme="YgdistNewsProduct" FormalName="NewsML:1.2" />
</NewsEnvelope>
<NewsItem>
<Identification>
      <NewsIdentifier>
        <ProviderId>yomiuri.co.jp</ProviderId>
        <DateId>20150814</DateId>
        <NewsItemId>027-OYT1T50096</NewsItemId>
        <RevisionId PreviousRevision="28" Update="N">29</RevisionId>
        <PublicIdentifier>urn:newsml:yomiuri.co.jp:20150814:027-OYT1T50096:29</PublicIdentifier>
      </NewsIdentifier>
    </Identification>
<NewsManagement>
<NewsItemType FormalName="News" Scheme="IptcNewsItemType" />
<FirstCreated>20150814T184304+0900</FirstCreated>
<ThisRevisionCreated>20150815T093011+0900</ThisRevisionCreated>
<Status FormalName="Usable" />
<Instruction Scheme="YgdistInstruction" FormalName="CancelAll">
<RevisionStatus>
<Status FormalName="Canceled" />
</RevisionStatus>
</Instruction>
</NewsManagement>
<NewsComponent xml:lang="ja-JP" Duid="Article.20150814.027-OYT1T50096">
<Role Scheme="YgdistRole" FormalName="Article" />
<NewsLines>
<HeadLine>安倍首相「反省とおわび」継承…戦後７０年談話</HeadLine>
<DateLine>2015-08-15 01:05:00</DateLine>
<CreditLine>読売新聞社</CreditLine>
<CopyrightLine>COPYRIGHT THE YOMIURI SHIMBUN</CopyrightLine>
</NewsLines>
<RightsMetadata>
        <Copyright>
          <CopyrightHolder>読売新聞社</CopyrightHolder>
          <CopyrightDate>2015</CopyrightDate>
        </Copyright>
      </RightsMetadata>
<DescriptiveMetadata>
<Language FormalName="ja" />
<SubjectCode>
<Subject FormalName="11000000" />
</SubjectCode>
</DescriptiveMetadata>
<Metadata>
<MetadataType FormalName="YomiuriNewsManagement" />
<Property FormalName="NewsCategory" Value="Full" />
</Metadata>
<Metadata>
<MetadataType FormalName="YomiuriMediaGenreCode" />
<Property FormalName="YomiuriMediaGenre" Value="政治" />
</Metadata>
<NewsComponent xml:lang="ja-JP" Duid="Article.HeadLine.20150814.027-OYT1T50096">
<Role Scheme="YgdistRole" FormalName="ArticleHeadLine" />
<ContentItem>
<MediaType FormalName="Text" Scheme="IptcMediaTypes" />
<Format FormalName="XHTML" Scheme="IptcFormat" />
<MimeType FormalName="text/xml" Scheme="IptcMimeTypes" />
<DataContent>
<html>
<head>
<title />
</head>
<body>
<p>安倍首相「反省とおわび」継承…戦後７０年談話</p>
</body>
</html>
</DataContent>
</ContentItem>
</NewsComponent>
<NewsComponent xml:lang="ja-JP" Duid="Article.Body.20150814.027-OYT1T50096" Essential="yes">
<Role Scheme="YgdistRole" FormalName="ArticleBody" />
<ContentItem>
<MediaType FormalName="Text" Scheme="IptcMediaTypes" />
<Format FormalName="XHTML" Scheme="IptcFormat" />
<MimeType FormalName="text/xml" Scheme="IptcMimeTypes" />
<DataContent>
<html>
<head>
<title />
</head>
<body>
<p>　政府は１４日、戦後７０年の安倍首相談話を閣議決定した。</p>
<p>　談話は、日本が先の大戦への「痛切な反省と心からのおわび」を表明した歴代内閣の立場は揺るぎないと強調し、戦後日本は侵略や戦争を手段として二度と用いず、植民地支配との決別を誓ったと指摘した。日本の国際復帰を支えた国や人への「感謝」に言及し、今後も積極的平和主義の下に国際貢献を進める考えを示した。首相は記者会見で、多くの国民が共有できる談話を目指したと語った。</p>
<p>　安倍首相談話は約３４００字で、戦後５０年の村山首相談話や戦後６０年の小泉首相談話の約３倍となった。談話を個人的見解とするため閣議決定しない案もあったが、最終的に政府の公式見解として閣議決定した。村山談話や小泉談話が触れた「侵略と植民地支配」への「痛切な反省とおわび」などの表現はすべて盛り込まれた。</p>
<p>　安倍首相は談話発表の記者会見で、「アジアの国々をはじめ、多くの国と未来の夢を紡ぎ出していく基盤としたい」と狙いを語った。</p>
<p>　安倍首相談話は、先の大戦の犠牲者に「深く<ruby>
<rb>頭</rb>
<rp>（</rp>
<rt>こうべ</rt>
<rp>）</rp>
</ruby>を垂れ」、哀悼の誠をささげたうえで、戦後日本の原点に「事変、侵略、戦争。いかなる武力の威嚇や行使も、国際紛争を解決する手段として二度と用いてはならない」との誓いがあると指摘した。その理由として、先の大戦への「深い悔悟」を挙げた。</p>
<p>　先の大戦での日本の行為については「繰り返し痛切な反省と心からのおわびの気持ちを表明してきた。戦後一貫して、平和と繁栄に力を尽くしてきた」と述べ、「こうした歴代内閣の立場は今後も揺るぎない」と強調した。首相は記者会見で、「中には侵略と評価される行為もあった」と明言した。</p>
<p>　戦後日本の平和国家としての歩みについては、「静かな誇りを抱き、この不動の方針を貫いていく」との決意を示した。戦後日本の国際復帰に当たり、「戦争の苦痛をなめ尽くした中国人の皆さん」や「日本軍によって耐え難い苦痛を受けた元捕虜の皆さん」が寛容な心で日本との和解に力を尽くしたとして、「心からの感謝の気持ち」を表明した。</p>
<p>　韓国が歴史問題で重視する慰安婦問題については「戦時下、多くの女性たちの尊厳や名誉が深く傷つけられた過去を胸に刻み続ける」と明記した。</p>
<p>　政府は１４日、安倍首相談話の英訳を公表。同日深夜には、現地の大使館のホームページ（ＨＰ）に、中国語訳と韓国語訳をそれぞれ掲載した。</p>
</body>
</html>
</DataContent>
</ContentItem>
</NewsComponent>
<NewsComponent xml:lang="ja-JP" Duid="Article.RelatedImage1.20150814.027-OYT1T50096">
<Role Scheme="YgdistRole" FormalName="ArticleRelatedImage" />
<NewsItemRef NewsItem="urn:newsml:yomiuri.co.jp:20150814:027-OYT1I50030:27" />
</NewsComponent>
</NewsComponent>
</NewsItem>
</NewsML>
