<?xml version="1.0" encoding="UTF-8"?><!DOCTYPE NewsML SYSTEM "./DTD/NewsMLv1.2.dtd" [<!ENTITY % xhtml11.dtd SYSTEM "./DTD/xhtml11-flat.dtd">
	%xhtml11.dtd;]>
<NewsML Version="1.2">
<Catalog Href="../catalog/catalogYomiuriMasterCatalog.xml" />
<NewsEnvelope>
<SentFrom>
<Party Scheme="NskParty" FormalName="Yomiuri" />
</SentFrom>
<DateAndTime>20150812T134539+0900</DateAndTime>
<NewsService Scheme="YgdistNewsService" FormalName="Ygdist-Full" />
<NewsProduct Scheme="YgdistNewsProduct" FormalName="NewsML:1.2" />
</NewsEnvelope>
<NewsItem>
<Identification>
      <NewsIdentifier>
        <ProviderId>yomiuri.co.jp</ProviderId>
        <DateId>20150812</DateId>
        <NewsItemId>027-OYT1T50047</NewsItemId>
        <RevisionId PreviousRevision="8" Update="N">9</RevisionId>
        <PublicIdentifier>urn:newsml:yomiuri.co.jp:20150812:027-OYT1T50047:9</PublicIdentifier>
      </NewsIdentifier>
    </Identification>
<NewsManagement>
<NewsItemType FormalName="News" Scheme="IptcNewsItemType" />
<FirstCreated>20150812T113458+0900</FirstCreated>
<ThisRevisionCreated>20150812T134539+0900</ThisRevisionCreated>
<Status FormalName="Usable" />
<Instruction Scheme="YgdistInstruction" FormalName="CancelAll">
<RevisionStatus>
<Status FormalName="Canceled" />
</RevisionStatus>
</Instruction>
</NewsManagement>
<NewsComponent xml:lang="ja-JP" Duid="Article.20150812.027-OYT1T50047">
<Role Scheme="YgdistRole" FormalName="Article" />
<NewsLines>
<HeadLine>人民元、連日切り下げ…東京株一時３６０円安</HeadLine>
<DateLine>2015-08-12 13:41:00</DateLine>
<CreditLine>読売新聞社</CreditLine>
<CopyrightLine>COPYRIGHT THE YOMIURI SHIMBUN</CopyrightLine>
</NewsLines>
<RightsMetadata>
        <Copyright>
          <CopyrightHolder>読売新聞社</CopyrightHolder>
          <CopyrightDate>2015</CopyrightDate>
        </Copyright>
      </RightsMetadata>
<DescriptiveMetadata>
<Language FormalName="ja" />
<SubjectCode>
<Subject FormalName="11000000" />
</SubjectCode>
</DescriptiveMetadata>
<Metadata>
<MetadataType FormalName="YomiuriNewsManagement" />
<Property FormalName="NewsCategory" Value="Full" />
</Metadata>
<Metadata>
<MetadataType FormalName="YomiuriMediaGenreCode" />
<Property FormalName="YomiuriMediaGenre" Value="経済" />
</Metadata>
<NewsComponent xml:lang="ja-JP" Duid="Article.HeadLine.20150812.027-OYT1T50047">
<Role Scheme="YgdistRole" FormalName="ArticleHeadLine" />
<ContentItem>
<MediaType FormalName="Text" Scheme="IptcMediaTypes" />
<Format FormalName="XHTML" Scheme="IptcFormat" />
<MimeType FormalName="text/xml" Scheme="IptcMimeTypes" />
<DataContent>
<html>
<head>
<title />
</head>
<body>
<p>人民元、連日切り下げ…東京株一時３６０円安</p>
</body>
</html>
</DataContent>
</ContentItem>
</NewsComponent>
<NewsComponent xml:lang="ja-JP" Duid="Article.Body.20150812.027-OYT1T50047" Essential="yes">
<Role Scheme="YgdistRole" FormalName="ArticleBody" />
<ContentItem>
<MediaType FormalName="Text" Scheme="IptcMediaTypes" />
<Format FormalName="XHTML" Scheme="IptcFormat" />
<MimeType FormalName="text/xml" Scheme="IptcMimeTypes" />
<DataContent>
<html>
<head>
<title />
</head>
<body>
<p>　中国人民銀行（中央銀行）は１２日朝、人民元の対ドルレートの基準値を前日に続き大幅に切り下げた。</p>
<p>　前日の基準値（１ドル＝６・２２９８元）に比べ、１・６１％元安・ドル高の１ドル＝６・３３０６元とした。</p>
<p>　市場では「政府による元安誘導が始まった」との見方が出ている。</p>
<p>　これを受けて、１２日の上海外国為替市場では、元売り・ドル買いが強まり、人民元は、１ドル＝６・４３００元と約４年ぶりの元安水準で取引が始まった。</p>
<p>　連日の元の大幅切り下げで、東京株式市場では、中国景気の先行き不安が高まったとの懸念から売り注文が膨んだ。日経平均株価（２２５種）の下げ幅は一時、３６０円を超えた。午後１時１０分現在、前日終値比３３５円２７銭安の２万３８５円４８銭で取引されている。</p>
</body>
</html>
</DataContent>
</ContentItem>
</NewsComponent>
</NewsComponent>
</NewsItem>
</NewsML>
