<?xml version="1.0" encoding="UTF-8"?><!DOCTYPE NewsML SYSTEM "./DTD/NewsMLv1.2.dtd" [<!ENTITY % xhtml11.dtd SYSTEM "./DTD/xhtml11-flat.dtd">
	%xhtml11.dtd;]>
<NewsML Version="1.2">
<Catalog Href="../catalog/catalogYomiuriMasterCatalog.xml" />
<NewsEnvelope>
<SentFrom>
<Party Scheme="NskParty" FormalName="Yomiuri" />
</SentFrom>
<DateAndTime>20150811T082539+0900</DateAndTime>
<NewsService Scheme="YgdistNewsService" FormalName="Ygdist-Full" />
<NewsProduct Scheme="YgdistNewsProduct" FormalName="NewsML:1.2" />
</NewsEnvelope>
<NewsItem>
<Identification>
      <NewsIdentifier>
        <ProviderId>yomiuri.co.jp</ProviderId>
        <DateId>20150810</DateId>
        <NewsItemId>027-OYT1T50140</NewsItemId>
        <RevisionId PreviousRevision="3" Update="N">4</RevisionId>
        <PublicIdentifier>urn:newsml:yomiuri.co.jp:20150810:027-OYT1T50140:4</PublicIdentifier>
      </NewsIdentifier>
    </Identification>
<NewsManagement>
<NewsItemType FormalName="News" Scheme="IptcNewsItemType" />
<FirstCreated>20150811T082539+0900</FirstCreated>
<ThisRevisionCreated>20150811T082539+0900</ThisRevisionCreated>
<Status FormalName="Usable" />
<Instruction Scheme="YgdistInstruction" FormalName="CancelAll">
<RevisionStatus>
<Status FormalName="Canceled" />
</RevisionStatus>
</Instruction>
</NewsManagement>
<NewsComponent xml:lang="ja-JP" Duid="Article.20150810.027-OYT1T50140">
<Role Scheme="YgdistRole" FormalName="Article" />
<NewsLines>
<HeadLine>新国立見直しで首相、文科相の更迭を否定</HeadLine>
<DateLine>2015-08-11 08:25:00</DateLine>
<CreditLine>読売新聞社</CreditLine>
<CopyrightLine>COPYRIGHT THE YOMIURI SHIMBUN</CopyrightLine>
</NewsLines>
<RightsMetadata>
        <Copyright>
          <CopyrightHolder>読売新聞社</CopyrightHolder>
          <CopyrightDate>2015</CopyrightDate>
        </Copyright>
      </RightsMetadata>
<DescriptiveMetadata>
<Language FormalName="ja" />
<SubjectCode>
<Subject FormalName="11000000" />
</SubjectCode>
</DescriptiveMetadata>
<Metadata>
<MetadataType FormalName="YomiuriNewsManagement" />
<Property FormalName="NewsCategory" Value="Full" />
</Metadata>
<Metadata>
<MetadataType FormalName="YomiuriMediaGenreCode" />
<Property FormalName="YomiuriMediaGenre" Value="政治" />
</Metadata>
<NewsComponent xml:lang="ja-JP" Duid="Article.HeadLine.20150810.027-OYT1T50140">
<Role Scheme="YgdistRole" FormalName="ArticleHeadLine" />
<ContentItem>
<MediaType FormalName="Text" Scheme="IptcMediaTypes" />
<Format FormalName="XHTML" Scheme="IptcFormat" />
<MimeType FormalName="text/xml" Scheme="IptcMimeTypes" />
<DataContent>
<html>
<head>
<title />
</head>
<body>
<p>新国立見直しで首相、文科相の更迭を否定</p>
</body>
</html>
</DataContent>
</ContentItem>
</NewsComponent>
<NewsComponent xml:lang="ja-JP" Duid="Article.Body.20150810.027-OYT1T50140" Essential="yes">
<Role Scheme="YgdistRole" FormalName="ArticleBody" />
<ContentItem>
<MediaType FormalName="Text" Scheme="IptcMediaTypes" />
<Format FormalName="XHTML" Scheme="IptcFormat" />
<MimeType FormalName="text/xml" Scheme="IptcMimeTypes" />
<DataContent>
<html>
<head>
<title />
</head>
<body>
<p>　安倍首相は１０日の参院予算委員会の集中審議で、２０２０年東京五輪・パラリンピックのメイン会場となる新国立競技場の計画見直しを巡る下村文部科学相の責任について、「責任は私にある。白紙撤回した中で新しい案をしっかりと作成し、五輪を成功させることによって我々は責任を果たしていきたい」と述べ、更迭を否定した。</p>
<p>　また、首相は、「最終的に見直しを判断する間に経費が発生し、それを国民に負担してもらうことについて、申し訳ないという思いだ」と陳謝した。下村氏は、計画を白紙撤回したことに伴い、国内外の設計業者らと交わした契約のうち、回収が不可能となる支出の見込み額が６１億２０００万円に上ると説明した。</p>
<p>　首相は今月９日の長崎市での平和祈念式典で、６日の広島市での平和記念式典で触れなかった「非核三原則の堅持」に言及したことには、「非核三原則は当然の前提だが、これが落ちたことで主張を変えたと批判があったので、長崎のあいさつでは誤解のないように言及した」と説明した。</p>
</body>
</html>
</DataContent>
</ContentItem>
</NewsComponent>
</NewsComponent>
</NewsItem>
</NewsML>
