<?xml version="1.0" encoding="UTF-8"?><!DOCTYPE NewsML SYSTEM "./DTD/NewsMLv1.2.dtd" [<!ENTITY % xhtml11.dtd SYSTEM "./DTD/xhtml11-flat.dtd">
	%xhtml11.dtd;]>
<NewsML Version="1.2">
<Catalog Href="../catalog/catalogYomiuriMasterCatalog.xml" />
<NewsEnvelope>
<SentFrom>
<Party Scheme="NskParty" FormalName="Yomiuri" />
</SentFrom>
<DateAndTime>20150811T131120+0900</DateAndTime>
<NewsService Scheme="YgdistNewsService" FormalName="Ygdist-Full" />
<NewsProduct Scheme="YgdistNewsProduct" FormalName="NewsML:1.2" />
</NewsEnvelope>
<NewsItem>
<Identification>
      <NewsIdentifier>
        <ProviderId>yomiuri.co.jp</ProviderId>
        <DateId>20150811</DateId>
        <NewsItemId>027-OYT1T50031</NewsItemId>
        <RevisionId PreviousRevision="23" Update="N">24</RevisionId>
        <PublicIdentifier>urn:newsml:yomiuri.co.jp:20150811:027-OYT1T50031:24</PublicIdentifier>
      </NewsIdentifier>
    </Identification>
<NewsManagement>
<NewsItemType FormalName="News" Scheme="IptcNewsItemType" />
<FirstCreated>20150811T113037+0900</FirstCreated>
<ThisRevisionCreated>20150811T131120+0900</ThisRevisionCreated>
<Status FormalName="Usable" />
<Instruction Scheme="YgdistInstruction" FormalName="CancelAll">
<RevisionStatus>
<Status FormalName="Canceled" />
</RevisionStatus>
</Instruction>
</NewsManagement>
<NewsComponent xml:lang="ja-JP" Duid="Article.20150811.027-OYT1T50031">
<Role Scheme="YgdistRole" FormalName="Article" />
<NewsLines>
<HeadLine>「たま神社」の開社式に５００人…銅像も披露</HeadLine>
<DateLine>2015-08-11 11:29:00</DateLine>
<CreditLine>読売新聞社</CreditLine>
<CopyrightLine>COPYRIGHT THE YOMIURI SHIMBUN</CopyrightLine>
</NewsLines>
<RightsMetadata>
        <Copyright>
          <CopyrightHolder>読売新聞社</CopyrightHolder>
          <CopyrightDate>2015</CopyrightDate>
        </Copyright>
      </RightsMetadata>
<DescriptiveMetadata>
<Language FormalName="ja" />
<SubjectCode>
<Subject FormalName="11000000" />
</SubjectCode>
</DescriptiveMetadata>
<Metadata>
<MetadataType FormalName="YomiuriNewsManagement" />
<Property FormalName="NewsCategory" Value="Full" />
</Metadata>
<Metadata>
<MetadataType FormalName="YomiuriMediaGenreCode" />
<Property FormalName="YomiuriMediaGenre" Value="社会" />
</Metadata>
<NewsComponent xml:lang="ja-JP" Duid="Article.HeadLine.20150811.027-OYT1T50031">
<Role Scheme="YgdistRole" FormalName="ArticleHeadLine" />
<ContentItem>
<MediaType FormalName="Text" Scheme="IptcMediaTypes" />
<Format FormalName="XHTML" Scheme="IptcFormat" />
<MimeType FormalName="text/xml" Scheme="IptcMimeTypes" />
<DataContent>
<html>
<head>
<title />
</head>
<body>
<p>「たま神社」の開社式に５００人…銅像も披露</p>
</body>
</html>
</DataContent>
</ContentItem>
</NewsComponent>
<NewsComponent xml:lang="ja-JP" Duid="Article.Body.20150811.027-OYT1T50031" Essential="yes">
<Role Scheme="YgdistRole" FormalName="ArticleBody" />
<ContentItem>
<MediaType FormalName="Text" Scheme="IptcMediaTypes" />
<Format FormalName="XHTML" Scheme="IptcFormat" />
<MimeType FormalName="text/xml" Scheme="IptcMimeTypes" />
<DataContent>
<html>
<head>
<title />
</head>
<body>
<p>　和歌山電鉄<ruby>
<rb>貴志川</rb>
<rp>（</rp>
<rt>きしがわ</rt>
<rp>）</rp>
</ruby>線<ruby>
<rb>貴志</rb>
<rp>（</rp>
<rt>きし</rt>
<rp>）</rp>
</ruby>駅（和歌山県紀の川市）の駅長として人気を集め、６月に死んだ三毛猫「たま」をまつる「たま神社」の開社式が１１日、同駅であり、たまの銅像２体（高さ約２０センチ）がお披露目された。</p>
<p>　<ruby>
<rb>仁坂</rb>
<rp>（</rp>
<rt>にさか</rt>
<rp>）</rp>
</ruby>吉伸知事やファンら約５００人が参加する中、新駅長の辞令交付式も行われ、同じ三毛猫で、たまに似た「ニタマ」（メス、５歳）が任命された。</p>
<p>　ホームには以前から三つの神社があったが、今回、その一つの「ねこ神社」にたまの<ruby>
<rb>御霊</rb>
<rp>（</rp>
<rt>みたま</rt>
<rp>）</rp>
</ruby>を迎え、たま神社と命名。銅像は神社両側に設置した。たまの死後、不在だった駅長は、「駅長代行」のニタマが後を継いだ。和歌山電鉄の小嶋光信社長が「たまから受けた指導を生かしてください」とあいさつすると、ニタマは「ニャー」と返していた。</p>
<p>　たま神社にお参りした神戸市の公務員（４８）は、「優しかったたまの姿にならって、ニタマにも頑張ってほしい」と話していた。</p>
</body>
</html>
</DataContent>
</ContentItem>
</NewsComponent>
<NewsComponent xml:lang="ja-JP" Duid="Article.RelatedImage1.20150811.027-OYT1T50031">
<Role Scheme="YgdistRole" FormalName="ArticleRelatedImage" />
<NewsItemRef NewsItem="urn:newsml:yomiuri.co.jp:20150811:027-OYT1I50005:22" />
</NewsComponent>
</NewsComponent>
</NewsItem>
</NewsML>
