<?xml version="1.0" encoding="UTF-8"?><!DOCTYPE NewsML SYSTEM "./DTD/NewsMLv1.2.dtd" [<!ENTITY % xhtml11.dtd SYSTEM "./DTD/xhtml11-flat.dtd">
	%xhtml11.dtd;]>
<NewsML Version="1.2">
<Catalog Href="../catalog/catalogYomiuriMasterCatalog.xml" />
<NewsEnvelope>
<SentFrom>
<Party Scheme="NskParty" FormalName="Yomiuri" />
</SentFrom>
<DateAndTime>20150812T030111+0900</DateAndTime>
<NewsService Scheme="YgdistNewsService" FormalName="Ygdist-Full" />
<NewsProduct Scheme="YgdistNewsProduct" FormalName="NewsML:1.2" />
</NewsEnvelope>
<NewsItem>
<Identification>
      <NewsIdentifier>
        <ProviderId>yomiuri.co.jp</ProviderId>
        <DateId>20150811</DateId>
        <NewsItemId>027-OYT1T50126</NewsItemId>
        <RevisionId PreviousRevision="4" Update="N">5</RevisionId>
        <PublicIdentifier>urn:newsml:yomiuri.co.jp:20150811:027-OYT1T50126:5</PublicIdentifier>
      </NewsIdentifier>
    </Identification>
<NewsManagement>
<NewsItemType FormalName="News" Scheme="IptcNewsItemType" />
<FirstCreated>20150812T030111+0900</FirstCreated>
<ThisRevisionCreated>20150812T030111+0900</ThisRevisionCreated>
<Status FormalName="Usable" />
<Instruction Scheme="YgdistInstruction" FormalName="CancelAll">
<RevisionStatus>
<Status FormalName="Canceled" />
</RevisionStatus>
</Instruction>
</NewsManagement>
<NewsComponent xml:lang="ja-JP" Duid="Article.20150811.027-OYT1T50126">
<Role Scheme="YgdistRole" FormalName="Article" />
<NewsLines>
<HeadLine>川内原発再稼働　電力安定供給へ重要な一歩だ</HeadLine>
<DateLine>2015-08-12 03:01:00</DateLine>
<CreditLine>読売新聞社</CreditLine>
<CopyrightLine>COPYRIGHT THE YOMIURI SHIMBUN</CopyrightLine>
</NewsLines>
<RightsMetadata>
        <Copyright>
          <CopyrightHolder>読売新聞社</CopyrightHolder>
          <CopyrightDate>2015</CopyrightDate>
        </Copyright>
      </RightsMetadata>
<DescriptiveMetadata>
<Language FormalName="ja" />
<SubjectCode>
<Subject FormalName="11000000" />
</SubjectCode>
</DescriptiveMetadata>
<Metadata>
<MetadataType FormalName="YomiuriNewsManagement" />
<Property FormalName="NewsCategory" Value="Full" />
</Metadata>
<Metadata>
<MetadataType FormalName="YomiuriMediaGenreCode" />
<Property FormalName="YomiuriMediaGenre" Value="社説" />
</Metadata>
<NewsComponent xml:lang="ja-JP" Duid="Article.HeadLine.20150811.027-OYT1T50126">
<Role Scheme="YgdistRole" FormalName="ArticleHeadLine" />
<ContentItem>
<MediaType FormalName="Text" Scheme="IptcMediaTypes" />
<Format FormalName="XHTML" Scheme="IptcFormat" />
<MimeType FormalName="text/xml" Scheme="IptcMimeTypes" />
<DataContent>
<html>
<head>
<title />
</head>
<body>
<p>川内原発再稼働　電力安定供給へ重要な一歩だ</p>
</body>
</html>
</DataContent>
</ContentItem>
</NewsComponent>
<NewsComponent xml:lang="ja-JP" Duid="Article.Body.20150811.027-OYT1T50126" Essential="yes">
<Role Scheme="YgdistRole" FormalName="ArticleBody" />
<ContentItem>
<MediaType FormalName="Text" Scheme="IptcMediaTypes" />
<Format FormalName="XHTML" Scheme="IptcFormat" />
<MimeType FormalName="text/xml" Scheme="IptcMimeTypes" />
<DataContent>
<html>
<head>
<title />
</head>
<body>
<p>　◆安全の確保に万全を期したい◆</p>
<p>　約２年も続いた原発稼働ゼロに、ようやく終止符が打たれた。</p>
<p>　九州電力川内原子力発電所１号機（鹿児島県）が再稼働した。順調なら１４日に発電を始める。</p>
<p>　東京電力福島第一原発の事故を受けて厳格化された新規制基準に基づく初の再稼働である。</p>
<p>　電力の安定供給は、国民生活と経済発展に欠かせない。安価で安定した重要電源である原発の活用が前進した意義は大きい。</p>
<p>　４年超という異例の長期停止後の運転再開だ。九電は作業を慎重に進め、トラブルの防止に万全を期さなければならない。</p>
<p>　◆事故のリスク低減した</p>
<p>　福島第一原発は、想定外の津波による電源喪失で原子炉の冷却機能がストップし、炉心溶融という重大事故を引き起こした。</p>
<p>　この教訓を踏まえ、原子力規制委員会が定めた新基準は、従来より大規模な自然災害を想定し、設備を補強するよう求めている。</p>
<p>　さらに、「起こらない」とされてきた重大事故の発生に備えて、緊急時の冷却システム強化などの対応を義務付けた。</p>
<p>　川内原発は高台にあり、津波で浸水する恐れはほぼないが、原子炉などの冷却用の海水を確保するポンプを防護壁で守り、津波が引く際にも海水を取り込めるようにするための<ruby>
<rb>堰</rb>
<rp>（</rp>
<rt>せき</rt>
<rp>）</rp>
</ruby>を設けた。</p>
<p>　九州南部には桜島や霧島山など多くの火山がある。このため、火山活動を監視し、巨大噴火の兆候があれば運転を止め、核燃料を運び出すことも決めた。</p>
<p>　事故前より手厚い安全対策を講じたことで、重大事故が起きる危険は大幅に減ったと言えよう。</p>
<p>　ただし、事故リスクは決してゼロにはならない。</p>
<p>　九電の瓜生道明社長が、「継続的な安全性向上に取り組み、積極的な情報公開に努めていく」と決意を示したのは当然だろう。</p>
<p>　事故時の避難計画も大切だ。</p>
<p>　川内原発から約３０キロ圏内にある９市町は既に、それぞれ避難計画を策定している。</p>
<p>　宮沢経済産業相は、「万が一事故が起きた場合には、国が先頭に立って対処する」と述べた。政府と関係自治体が連携して住民参加の訓練を重ね、避難計画の実効性を高める必要がある。</p>
<p>　◆火力発電頼みも限界に</p>
<p>　原発再稼働について宮沢氏は、「着実に進むことは、経済の健全な発展や国民生活の安定に不可欠だ」と語った。妥当な認識だ。</p>
<p>　震災前に電力供給の３割を担っていた原発が止まり、現在は９割を火力発電が占める。輸入燃料への過度な依存は、エネルギー安全保障の観点で問題が多い。</p>
<p>　燃料費増大で、電気料金は震災前より家庭向けが２５％、企業向けは３８％も値上がりした。廃業を迫られる中小企業も少なくない。</p>
<p>　電力不足による大規模停電などは起きていないが、本来なら引退している古い火力発電所までフル稼働させる綱渡りの状況だ。</p>
<p>　太陽光や風力など再生可能エネルギーは、天候次第で発電量が急変動する欠点を抱えている。現状では主力電源たり得ない。</p>
<p>　原発は燃料費が安く、安定して発電できる重要なベースロード電源だ。安全性を確認し、円滑に再稼働を進めねばならない。</p>
<p>　民主党の枝野幹事長が、川内原発について「今、無理に急いで再稼働する必要性があるとは思えない」と述べたのは、認識が甘過ぎる。</p>
<p>　民主党政権時代、野田首相は産業空洞化や雇用喪失から国民生活を守るため、関西電力大飯原発の再稼働を決断した。こうした大局的な視点が継承されていないのは、極めて残念だ。</p>
<p>　今後の焦点は、他の原発の再稼働が円滑に進むかどうかである。川内原発２号機が今秋、四国電力伊方原発３号機は今冬にも再稼働する見通しだが、残りは実現のメドが立っていない。</p>
<p>　◆６０年運転延長も不可欠</p>
<p>　再稼働の審査には膨大な資料が必要なため、川内原発１号機では申請から２年超を要した。規制委は、川内原発の経験を生かし、申請済みの原発の審査を加速することが求められよう。</p>
<p>　政府は２０３０年度の電源構成で、原発比率を２０～２２％とする目標を掲げているが、運転開始から原則４０年で廃炉にする規制を厳格適用すると、達成できない。最長６０年への運転延長や、原発新増設を行う方針を明確にすべきだ。</p>
<p>　原発の活用を続けるには、使用済み核燃料を再利用する核燃料サイクルや、放射性廃棄物の最終処分地選定に政府が関与し、道筋をつけることも重要である。</p>
</body>
</html>
</DataContent>
</ContentItem>
</NewsComponent>
</NewsComponent>
</NewsItem>
</NewsML>
