<?xml version="1.0" encoding="UTF-8"?><!DOCTYPE NewsML SYSTEM "./DTD/NewsMLv1.2.dtd" [<!ENTITY % xhtml11.dtd SYSTEM "./DTD/xhtml11-flat.dtd">
	%xhtml11.dtd;]>
<NewsML Version="1.2">
<Catalog Href="../catalog/catalogYomiuriMasterCatalog.xml" />
<NewsEnvelope>
<SentFrom>
<Party Scheme="NskParty" FormalName="Yomiuri" />
</SentFrom>
<DateAndTime>20150815T000626+0900</DateAndTime>
<NewsService Scheme="YgdistNewsService" FormalName="Ygdist-Full" />
<NewsProduct Scheme="YgdistNewsProduct" FormalName="NewsML:1.2" />
</NewsEnvelope>
<NewsItem>
<Identification>
      <NewsIdentifier>
        <ProviderId>yomiuri.co.jp</ProviderId>
        <DateId>20150814</DateId>
        <NewsItemId>027-OYT1T50133</NewsItemId>
        <RevisionId PreviousRevision="2" Update="N">3</RevisionId>
        <PublicIdentifier>urn:newsml:yomiuri.co.jp:20150814:027-OYT1T50133:3</PublicIdentifier>
      </NewsIdentifier>
    </Identification>
<NewsManagement>
<NewsItemType FormalName="News" Scheme="IptcNewsItemType" />
<FirstCreated>20150815T000626+0900</FirstCreated>
<ThisRevisionCreated>20150815T000626+0900</ThisRevisionCreated>
<Status FormalName="Usable" />
<Instruction Scheme="YgdistInstruction" FormalName="CancelAll">
<RevisionStatus>
<Status FormalName="Canceled" />
</RevisionStatus>
</Instruction>
</NewsManagement>
<NewsComponent xml:lang="ja-JP" Duid="Article.20150814.027-OYT1T50133">
<Role Scheme="YgdistRole" FormalName="Article" />
<NewsLines>
<HeadLine>終戦記念日、与野党が談話や声明</HeadLine>
<DateLine>2015-08-15 00:06:00</DateLine>
<CreditLine>読売新聞社</CreditLine>
<CopyrightLine>COPYRIGHT THE YOMIURI SHIMBUN</CopyrightLine>
</NewsLines>
<RightsMetadata>
        <Copyright>
          <CopyrightHolder>読売新聞社</CopyrightHolder>
          <CopyrightDate>2015</CopyrightDate>
        </Copyright>
      </RightsMetadata>
<DescriptiveMetadata>
<Language FormalName="ja" />
<SubjectCode>
<Subject FormalName="11000000" />
</SubjectCode>
</DescriptiveMetadata>
<Metadata>
<MetadataType FormalName="YomiuriNewsManagement" />
<Property FormalName="NewsCategory" Value="Full" />
</Metadata>
<Metadata>
<MetadataType FormalName="YomiuriMediaGenreCode" />
<Property FormalName="YomiuriMediaGenre" Value="政治" />
</Metadata>
<NewsComponent xml:lang="ja-JP" Duid="Article.HeadLine.20150814.027-OYT1T50133">
<Role Scheme="YgdistRole" FormalName="ArticleHeadLine" />
<ContentItem>
<MediaType FormalName="Text" Scheme="IptcMediaTypes" />
<Format FormalName="XHTML" Scheme="IptcFormat" />
<MimeType FormalName="text/xml" Scheme="IptcMimeTypes" />
<DataContent>
<html>
<head>
<title />
</head>
<body>
<p>終戦記念日、与野党が談話や声明</p>
</body>
</html>
</DataContent>
</ContentItem>
</NewsComponent>
<NewsComponent xml:lang="ja-JP" Duid="Article.Body.20150814.027-OYT1T50133" Essential="yes">
<Role Scheme="YgdistRole" FormalName="ArticleBody" />
<ContentItem>
<MediaType FormalName="Text" Scheme="IptcMediaTypes" />
<Format FormalName="XHTML" Scheme="IptcFormat" />
<MimeType FormalName="text/xml" Scheme="IptcMimeTypes" />
<DataContent>
<html>
<head>
<title />
</head>
<body>
<p>　与野党は１５日の終戦記念日にあたり、談話や声明を発表した。</p>
<p>　各党とも平和主義の重要性を強調しつつ、安全保障関連法案について言及した。</p>
<p>　自民党は「平素からの備えを万全にし、国民の命と幸せな暮らしを守り抜かなければならない」として関連法案の必要性を強調、「国民の理解が深まるよう丁寧に進めていく」と決意を記した。公明党は法案について「憲法の平和主義、専守防衛を堅持している」とした。</p>
<p>　民主党は、法案を「戦後７０年の国のあり方を、安倍政権は大きく変えようとしている」と批判し、「平和主義を基軸とした外交・安全保障を展開すべきだ」と強調した。</p>
<p>　維新の党は、日本が戦後国際社会に対して行った貢献を指摘した上で、「信頼を失うことがあってはならない」とした。</p>
<p>　共産党は「戦争の惨禍と反省を踏まえて、日本国民が得た世界に誇る宝、憲法９条を守り抜く」と強調。社民党は「首相の『未来志向』の行く末が『戦争できる国』では、国際社会からも信用されるはずがない」と批判した。</p>
<p>　生活の党は「歴史と正面から向き合おうとしないから、中国や韓国から歴史問題を常に蒸し返される」と、戦争責任を検証する必要性を指摘した。次世代の党は「我が国はもはや一国平和主義に安住することは許されなくなっている」として、米国などとの関係強化を訴えた。新党改革は平和国家としての立場を堅持する姿勢を強調した。</p>
</body>
</html>
</DataContent>
</ContentItem>
</NewsComponent>
</NewsComponent>
</NewsItem>
</NewsML>
