<?xml version="1.0" encoding="UTF-8"?><!DOCTYPE NewsML SYSTEM "./DTD/NewsMLv1.2.dtd" [<!ENTITY % xhtml11.dtd SYSTEM "./DTD/xhtml11-flat.dtd">
	%xhtml11.dtd;]>
<NewsML Version="1.2">
<Catalog Href="../catalog/catalogYomiuriMasterCatalog.xml" />
<NewsEnvelope>
<SentFrom>
<Party Scheme="NskParty" FormalName="Yomiuri" />
</SentFrom>
<DateAndTime>20150810T224030+0900</DateAndTime>
<NewsService Scheme="YgdistNewsService" FormalName="Ygdist-Full" />
<NewsProduct Scheme="YgdistNewsProduct" FormalName="NewsML:1.2" />
</NewsEnvelope>
<NewsItem>
<Identification>
      <NewsIdentifier>
        <ProviderId>yomiuri.co.jp</ProviderId>
        <DateId>20150810</DateId>
        <NewsItemId>027-OYT1T50124</NewsItemId>
        <RevisionId PreviousRevision="5" Update="N">6</RevisionId>
        <PublicIdentifier>urn:newsml:yomiuri.co.jp:20150810:027-OYT1T50124:6</PublicIdentifier>
      </NewsIdentifier>
    </Identification>
<NewsManagement>
<NewsItemType FormalName="News" Scheme="IptcNewsItemType" />
<FirstCreated>20150810T222032+0900</FirstCreated>
<ThisRevisionCreated>20150810T224030+0900</ThisRevisionCreated>
<Status FormalName="Usable" />
<Instruction Scheme="YgdistInstruction" FormalName="CancelAll">
<RevisionStatus>
<Status FormalName="Canceled" />
</RevisionStatus>
</Instruction>
</NewsManagement>
<NewsComponent xml:lang="ja-JP" Duid="Article.20150810.027-OYT1T50124">
<Role Scheme="YgdistRole" FormalName="Article" />
<NewsLines>
<HeadLine>半日で臨界、１４日夜にも発電…川内原発再稼働</HeadLine>
<DateLine>2015-08-10 22:20:00</DateLine>
<CreditLine>読売新聞社</CreditLine>
<CopyrightLine>COPYRIGHT THE YOMIURI SHIMBUN</CopyrightLine>
</NewsLines>
<RightsMetadata>
        <Copyright>
          <CopyrightHolder>読売新聞社</CopyrightHolder>
          <CopyrightDate>2015</CopyrightDate>
        </Copyright>
      </RightsMetadata>
<DescriptiveMetadata>
<Language FormalName="ja" />
<SubjectCode>
<Subject FormalName="11000000" />
</SubjectCode>
</DescriptiveMetadata>
<Metadata>
<MetadataType FormalName="YomiuriNewsManagement" />
<Property FormalName="NewsCategory" Value="Full" />
</Metadata>
<Metadata>
<MetadataType FormalName="YomiuriMediaGenreCode" />
<Property FormalName="YomiuriMediaGenre" Value="科学" />
</Metadata>
<NewsComponent xml:lang="ja-JP" Duid="Article.HeadLine.20150810.027-OYT1T50124">
<Role Scheme="YgdistRole" FormalName="ArticleHeadLine" />
<ContentItem>
<MediaType FormalName="Text" Scheme="IptcMediaTypes" />
<Format FormalName="XHTML" Scheme="IptcFormat" />
<MimeType FormalName="text/xml" Scheme="IptcMimeTypes" />
<DataContent>
<html>
<head>
<title />
</head>
<body>
<p>半日で臨界、１４日夜にも発電…川内原発再稼働</p>
</body>
</html>
</DataContent>
</ContentItem>
</NewsComponent>
<NewsComponent xml:lang="ja-JP" Duid="Article.Body.20150810.027-OYT1T50124" Essential="yes">
<Role Scheme="YgdistRole" FormalName="ArticleBody" />
<ContentItem>
<MediaType FormalName="Text" Scheme="IptcMediaTypes" />
<Format FormalName="XHTML" Scheme="IptcFormat" />
<MimeType FormalName="text/xml" Scheme="IptcMimeTypes" />
<DataContent>
<html>
<head>
<title />
</head>
<body>
<p>　九州電力が１１日に<ruby>
<rb>川内</rb>
<rp>（</rp>
<rt>せんだい</rt>
<rp>）</rp>
</ruby>原発１号機を再稼働する。</p>
<p>　原子炉を起動すると、１２時間半ほどで、核分裂反応が連続的に起こる「臨界」に達し、１４日夜には発電が始まる見通しだ。</p>
<p>　原発は、燃料のウランが核分裂するときに出る熱を使って発電する。核分裂反応を進めるためウランに中性子をぶつけるが、原子炉停止中は、燃料の間に差し込まれている制御棒が中性子を吸収し、反応が起こらない。制御棒を徐々に引き抜くことで、中性子が増え、核分裂反応が始まる。</p>
<p>　起動は、３２本の制御棒を引き抜き始める作業で、あわせて、中性子を吸収する水中のホウ素の濃度も薄めて核分裂反応を促し「臨界」にする。</p>
<p>　川内原発１号機は、「加圧水型」と呼ばれるタイプの原子炉で、核分裂で生じた熱を使って原子炉内の水を約２８０度の熱水に変える。熱水は蒸気発生器に送られ、今度はその熱で別系統の水が蒸気に変えられる。この蒸気でタービン・発電機を回し電気を作り出す。東京電力福島第一原発のような「沸騰水型」に比べ、格納容器が大きく余裕があるため水素爆発を起こしにくく、早く安全審査を申請できた。</p>
</body>
</html>
</DataContent>
</ContentItem>
</NewsComponent>
<NewsComponent xml:lang="ja-JP" Duid="Article.RelatedImage1.20150810.027-OYT1T50124">
<Role Scheme="YgdistRole" FormalName="ArticleRelatedImage" />
<NewsItemRef NewsItem="urn:newsml:yomiuri.co.jp:20150810:027-OYT1I50040:4" />
</NewsComponent>
</NewsComponent>
</NewsItem>
</NewsML>
