<?xml version="1.0" encoding="UTF-8"?><!DOCTYPE NewsML SYSTEM "./DTD/NewsMLv1.2.dtd" [<!ENTITY % xhtml11.dtd SYSTEM "./DTD/xhtml11-flat.dtd">
	%xhtml11.dtd;]>
<NewsML Version="1.2">
<Catalog Href="../catalog/catalogYomiuriMasterCatalog.xml" />
<NewsEnvelope>
<SentFrom>
<Party Scheme="NskParty" FormalName="Yomiuri" />
</SentFrom>
<DateAndTime>20150817T120534+0900</DateAndTime>
<NewsService Scheme="YgdistNewsService" FormalName="Ygdist-Full" />
<NewsProduct Scheme="YgdistNewsProduct" FormalName="NewsML:1.2" />
</NewsEnvelope>
<NewsItem>
<Identification>
      <NewsIdentifier>
        <ProviderId>yomiuri.co.jp</ProviderId>
        <DateId>20150816</DateId>
        <NewsItemId>027-OYT1T50015</NewsItemId>
        <RevisionId PreviousRevision="16" Update="N">17</RevisionId>
        <PublicIdentifier>urn:newsml:yomiuri.co.jp:20150816:027-OYT1T50015:17</PublicIdentifier>
      </NewsIdentifier>
    </Identification>
<NewsManagement>
<NewsItemType FormalName="News" Scheme="IptcNewsItemType" />
<FirstCreated>20150816T105157+0900</FirstCreated>
<ThisRevisionCreated>20150817T120534+0900</ThisRevisionCreated>
<Status FormalName="Usable" />
<Instruction Scheme="YgdistInstruction" FormalName="CancelAll">
<RevisionStatus>
<Status FormalName="Canceled" />
</RevisionStatus>
</Instruction>
</NewsManagement>
<NewsComponent xml:lang="ja-JP" Duid="Article.20150816.027-OYT1T50015">
<Role Scheme="YgdistRole" FormalName="Article" />
<NewsLines>
<HeadLine>超軽量機墜落、死亡したのは５９歳と５７歳男性</HeadLine>
<DateLine>2015-08-17 11:58:00</DateLine>
<CreditLine>読売新聞社</CreditLine>
<CopyrightLine>COPYRIGHT THE YOMIURI SHIMBUN</CopyrightLine>
</NewsLines>
<RightsMetadata>
        <Copyright>
          <CopyrightHolder>読売新聞社</CopyrightHolder>
          <CopyrightDate>2015</CopyrightDate>
        </Copyright>
      </RightsMetadata>
<DescriptiveMetadata>
<Language FormalName="ja" />
<SubjectCode>
<Subject FormalName="11000000" />
</SubjectCode>
</DescriptiveMetadata>
<Metadata>
<MetadataType FormalName="YomiuriNewsManagement" />
<Property FormalName="NewsCategory" Value="Full" />
</Metadata>
<Metadata>
<MetadataType FormalName="YomiuriMediaGenreCode" />
<Property FormalName="YomiuriMediaGenre" Value="社会" />
</Metadata>
<NewsComponent xml:lang="ja-JP" Duid="Article.HeadLine.20150816.027-OYT1T50015">
<Role Scheme="YgdistRole" FormalName="ArticleHeadLine" />
<ContentItem>
<MediaType FormalName="Text" Scheme="IptcMediaTypes" />
<Format FormalName="XHTML" Scheme="IptcFormat" />
<MimeType FormalName="text/xml" Scheme="IptcMimeTypes" />
<DataContent>
<html>
<head>
<title />
</head>
<body>
<p>超軽量機墜落、死亡したのは５９歳と５７歳男性</p>
</body>
</html>
</DataContent>
</ContentItem>
</NewsComponent>
<NewsComponent xml:lang="ja-JP" Duid="Article.Body.20150816.027-OYT1T50015" Essential="yes">
<Role Scheme="YgdistRole" FormalName="ArticleBody" />
<ContentItem>
<MediaType FormalName="Text" Scheme="IptcMediaTypes" />
<Format FormalName="XHTML" Scheme="IptcFormat" />
<MimeType FormalName="text/xml" Scheme="IptcMimeTypes" />
<DataContent>
<html>
<head>
<title />
</head>
<body>
<p>　１６日午前５時４５分頃、茨城県つくば市<ruby>
<rb>神郡</rb>
<rp>（</rp>
<rt>かんごおり</rt>
<rp>）</rp>
</ruby>のゴルフ場「つくばねカントリークラブ」の従業員が、コース上に超軽量飛行機（ウルトラライトプレーン）が墜落しているのを発見し、１１０番した。</p>
<p>　機内で男性２人が倒れており、いずれも死亡が確認された。</p>
<p>　つくば北署の発表によると、死亡したのは、同県筑西市東石田、建築業石島定夫さん（５９）と東京都東村山市本町、会社員和田敏夫さん（５７）。石島さんが操縦し、和田さんが同乗していた飛行機は１５日午後３時半頃、筑西市鷺島の明野場外離着陸場を離陸。予定時間を過ぎても戻ってこないことから、午後７時頃に同離着陸場を管理する団体「明野スカイスポーツクラブ」が筑西署に通報した。県警では２人の死因を調べている。</p>
<p>　飛行機が墜落した現場は、同離着陸場から東南東に約１２キロ離れている。機体は同ゴルフ場の４番ホールで見つかった。</p>
<p>　運輸安全委員会は１６日、現地に調査官２人を派遣。胴体や尾翼、プロペラの破損状況などを確認した。１７日は雨天のため、調査は中止された。</p>
</body>
</html>
</DataContent>
</ContentItem>
</NewsComponent>
<NewsComponent xml:lang="ja-JP" Duid="Article.RelatedImage1.20150816.027-OYT1T50015">
<Role Scheme="YgdistRole" FormalName="ArticleRelatedImage" />
<NewsItemRef NewsItem="urn:newsml:yomiuri.co.jp:20150816:027-OYT1I50007:14" />
</NewsComponent>
</NewsComponent>
</NewsItem>
</NewsML>
