<?xml version="1.0" encoding="UTF-8"?><!DOCTYPE NewsML SYSTEM "./DTD/NewsMLv1.2.dtd" [<!ENTITY % xhtml11.dtd SYSTEM "./DTD/xhtml11-flat.dtd">
	%xhtml11.dtd;]>
<NewsML Version="1.2">
<Catalog Href="../catalog/catalogYomiuriMasterCatalog.xml" />
<NewsEnvelope>
<SentFrom>
<Party Scheme="NskParty" FormalName="Yomiuri" />
</SentFrom>
<DateAndTime>20150813T155819+0900</DateAndTime>
<NewsService Scheme="YgdistNewsService" FormalName="Ygdist-Full" />
<NewsProduct Scheme="YgdistNewsProduct" FormalName="NewsML:1.2" />
</NewsEnvelope>
<NewsItem>
<Identification>
      <NewsIdentifier>
        <ProviderId>yomiuri.co.jp</ProviderId>
        <DateId>20150813</DateId>
        <NewsItemId>027-OYT1T50088</NewsItemId>
        <RevisionId PreviousRevision="4" Update="N">5</RevisionId>
        <PublicIdentifier>urn:newsml:yomiuri.co.jp:20150813:027-OYT1T50088:5</PublicIdentifier>
      </NewsIdentifier>
    </Identification>
<NewsManagement>
<NewsItemType FormalName="News" Scheme="IptcNewsItemType" />
<FirstCreated>20150813T155716+0900</FirstCreated>
<ThisRevisionCreated>20150813T155819+0900</ThisRevisionCreated>
<Status FormalName="Usable" />
<Instruction Scheme="YgdistInstruction" FormalName="CancelAll">
<RevisionStatus>
<Status FormalName="Canceled" />
</RevisionStatus>
</Instruction>
</NewsManagement>
<NewsComponent xml:lang="ja-JP" Duid="Article.20150813.027-OYT1T50088">
<Role Scheme="YgdistRole" FormalName="Article" />
<NewsLines>
<HeadLine>東京は右空け、大阪は左…大戦中のロンドン起源</HeadLine>
<DateLine>2015-08-13 14:42:00</DateLine>
<CreditLine>読売新聞社</CreditLine>
<CopyrightLine>COPYRIGHT THE YOMIURI SHIMBUN</CopyrightLine>
</NewsLines>
<RightsMetadata>
        <Copyright>
          <CopyrightHolder>読売新聞社</CopyrightHolder>
          <CopyrightDate>2015</CopyrightDate>
        </Copyright>
      </RightsMetadata>
<DescriptiveMetadata>
<Language FormalName="ja" />
<SubjectCode>
<Subject FormalName="11000000" />
</SubjectCode>
</DescriptiveMetadata>
<Metadata>
<MetadataType FormalName="YomiuriNewsManagement" />
<Property FormalName="NewsCategory" Value="Full" />
</Metadata>
<Metadata>
<MetadataType FormalName="YomiuriMediaGenreCode" />
<Property FormalName="YomiuriMediaGenre" Value="社会" />
</Metadata>
<NewsComponent xml:lang="ja-JP" Duid="Article.HeadLine.20150813.027-OYT1T50088">
<Role Scheme="YgdistRole" FormalName="ArticleHeadLine" />
<ContentItem>
<MediaType FormalName="Text" Scheme="IptcMediaTypes" />
<Format FormalName="XHTML" Scheme="IptcFormat" />
<MimeType FormalName="text/xml" Scheme="IptcMimeTypes" />
<DataContent>
<html>
<head>
<title />
</head>
<body>
<p>東京は右空け、大阪は左…大戦中のロンドン起源</p>
</body>
</html>
</DataContent>
</ContentItem>
</NewsComponent>
<NewsComponent xml:lang="ja-JP" Duid="Article.Body.20150813.027-OYT1T50088" Essential="yes">
<Role Scheme="YgdistRole" FormalName="ArticleBody" />
<ContentItem>
<MediaType FormalName="Text" Scheme="IptcMediaTypes" />
<Format FormalName="XHTML" Scheme="IptcFormat" />
<MimeType FormalName="text/xml" Scheme="IptcMimeTypes" />
<DataContent>
<html>
<head>
<title />
</head>
<body>
<p>　エスカレーターの「片側空け」の起源は、第２次世界大戦中のロンドンに遡るという説が有力だ。</p>
<p>　エスカレーターに詳しい江戸川大社会学部の<ruby>
<rb>斗鬼正一</rb>
<rp>（</rp>
<rt>ときまさかず</rt>
<rp>）</rp>
</ruby>教授（文化人類学）によると、１９４４年頃、ロンドンの地下鉄で、急ぐ人のために左側を空ける習慣が定着したという。日本では、６７年に駅舎が移転した大阪・阪急梅田駅から広まり、ロンドンと同じ「左空け」が定着して今に至っている。</p>
<p>　東京では８０年代後半から「右空け」が広まり、東京メトロ千代田線の新御茶ノ水駅が始まりとされる。同駅のエスカレーターは６９年の開業当時、国内の地下鉄で最も長い４１メートルだった。ただ、ほぼ同時期に、東京駅や新橋駅でも右側を空けていたという話もある。</p>
</body>
</html>
</DataContent>
</ContentItem>
</NewsComponent>
</NewsComponent>
</NewsItem>
</NewsML>
