<?xml version="1.0" encoding="UTF-8"?><!DOCTYPE NewsML SYSTEM "./DTD/NewsMLv1.2.dtd" [<!ENTITY % xhtml11.dtd SYSTEM "./DTD/xhtml11-flat.dtd">
	%xhtml11.dtd;]>
<NewsML Version="1.2">
<Catalog Href="../catalog/catalogYomiuriMasterCatalog.xml" />
<NewsEnvelope>
<SentFrom>
<Party Scheme="NskParty" FormalName="Yomiuri" />
</SentFrom>
<DateAndTime>20150815T030235+0900</DateAndTime>
<NewsService Scheme="YgdistNewsService" FormalName="Ygdist-Full" />
<NewsProduct Scheme="YgdistNewsProduct" FormalName="NewsML:1.2" />
</NewsEnvelope>
<NewsItem>
<Identification>
      <NewsIdentifier>
        <ProviderId>yomiuri.co.jp</ProviderId>
        <DateId>20150815</DateId>
        <NewsItemId>027-OYT1T50003</NewsItemId>
        <RevisionId PreviousRevision="2" Update="N">3</RevisionId>
        <PublicIdentifier>urn:newsml:yomiuri.co.jp:20150815:027-OYT1T50003:3</PublicIdentifier>
      </NewsIdentifier>
    </Identification>
<NewsManagement>
<NewsItemType FormalName="News" Scheme="IptcNewsItemType" />
<FirstCreated>20150815T030235+0900</FirstCreated>
<ThisRevisionCreated>20150815T030235+0900</ThisRevisionCreated>
<Status FormalName="Usable" />
<Instruction Scheme="YgdistInstruction" FormalName="CancelAll">
<RevisionStatus>
<Status FormalName="Canceled" />
</RevisionStatus>
</Instruction>
</NewsManagement>
<NewsComponent xml:lang="ja-JP" Duid="Article.20150815.027-OYT1T50003">
<Role Scheme="YgdistRole" FormalName="Article" />
<NewsLines>
<HeadLine>戦後７０年談話　歴史の教訓胸に未来を拓こう</HeadLine>
<DateLine>2015-08-15 03:02:00</DateLine>
<CreditLine>読売新聞社</CreditLine>
<CopyrightLine>COPYRIGHT THE YOMIURI SHIMBUN</CopyrightLine>
</NewsLines>
<RightsMetadata>
        <Copyright>
          <CopyrightHolder>読売新聞社</CopyrightHolder>
          <CopyrightDate>2015</CopyrightDate>
        </Copyright>
      </RightsMetadata>
<DescriptiveMetadata>
<Language FormalName="ja" />
<SubjectCode>
<Subject FormalName="11000000" />
</SubjectCode>
</DescriptiveMetadata>
<Metadata>
<MetadataType FormalName="YomiuriNewsManagement" />
<Property FormalName="NewsCategory" Value="Full" />
</Metadata>
<Metadata>
<MetadataType FormalName="YomiuriMediaGenreCode" />
<Property FormalName="YomiuriMediaGenre" Value="社説" />
</Metadata>
<NewsComponent xml:lang="ja-JP" Duid="Article.HeadLine.20150815.027-OYT1T50003">
<Role Scheme="YgdistRole" FormalName="ArticleHeadLine" />
<ContentItem>
<MediaType FormalName="Text" Scheme="IptcMediaTypes" />
<Format FormalName="XHTML" Scheme="IptcFormat" />
<MimeType FormalName="text/xml" Scheme="IptcMimeTypes" />
<DataContent>
<html>
<head>
<title />
</head>
<body>
<p>戦後７０年談話　歴史の教訓胸に未来を拓こう</p>
</body>
</html>
</DataContent>
</ContentItem>
</NewsComponent>
<NewsComponent xml:lang="ja-JP" Duid="Article.Body.20150815.027-OYT1T50003" Essential="yes">
<Role Scheme="YgdistRole" FormalName="ArticleBody" />
<ContentItem>
<MediaType FormalName="Text" Scheme="IptcMediaTypes" />
<Format FormalName="XHTML" Scheme="IptcFormat" />
<MimeType FormalName="text/xml" Scheme="IptcMimeTypes" />
<DataContent>
<html>
<head>
<title />
</head>
<body>
<p>　◆反省とお詫びの気持ち示した◆</p>
<p>　先の大戦への反省を踏まえつつ、新たな日本の針路を明確に示したと前向きに評価できよう。</p>
<p>　戦後７０年の安倍首相談話が閣議決定された。</p>
<p>　談話は、日本の行動を世界に発信する重要な意味を持つ。未来を語るうえで、歴史認識をきちんと提示することが、日本への国際社会の信頼と期待を高める。</p>
<p>　首相談話には、キーワードである「侵略」が明記された。</p>
<p>　◆「侵略」明確化は妥当だ</p>
<p>　「事変、侵略、戦争。いかなる武力の威嚇や行使も、国際紛争を解決する手段としては、もう二度と用いてはならない」との表現である。「先の大戦への深い悔悟の念と共に、我が国は、そう誓った」とも記している。</p>
<p>　首相が「侵略」を明確に認めたのは重要である。戦後５０年の村山談話、戦後６０年の小泉談話の見解を引き継いだものだ。</p>
<p>　１９３１年の満州事変以後の旧日本軍の行動は侵略そのものである。自衛以外の戦争を禁じた２８年の不戦条約にも違反する。</p>
<p>　特に、３１年１０月の関東軍による中国東北部・錦州攻撃は、民間人に対する無差別・無警告の空爆であり、ハーグ陸戦規則に反する。空爆は、上海、南京、重慶へと対象を拡大し、非戦闘員の死者を飛躍的に増大させた。</p>
<p>　一部の軍人の独走を許し、悲惨な戦争の発端を日本が作ったことを忘れてはなるまい。</p>
<p>　首相は記者会見で、「政治は歴史に謙虚でなければならない。政治的、外交的意図によって歴史が<ruby>
<rb>歪</rb>
<rp>（</rp>
<rt>ゆが</rt>
<rp>）</rp>
</ruby>められるようなことは決してあってはならない」と語った。</p>
<p>　的を射た発言である。</p>
<p>　「侵略」の客観的事実を認めることは、自虐史観ではないし、日本を<ruby>
<rb>貶</rb>
<rp>（</rp>
<rt>おとし</rt>
<rp>）</rp>
</ruby>めることにもならない。むしろ国際社会の信頼を高め、「歴史修正主義」といった一部の疑念を晴らすことにもなろう。</p>
<p>　談話では、「植民地支配」について、「永遠に<ruby>
<rb>訣別</rb>
<rp>（</rp>
<rt>けつべつ</rt>
<rp>）</rp>
</ruby>し、すべての民族の自決の権利が尊重される世界にしなければならない」という表現で触れた。</p>
<p>　談話は、国内外で犠牲になった人々に対し、「深く<ruby>
<rb>頭</rb>
<rp>（</rp>
<rt>こうべ</rt>
<rp>）</rp>
</ruby>を垂れ、痛惜の念を表すとともに、<ruby>
<rb>永劫</rb>
<rp>（</rp>
<rt>えいごう</rt>
<rp>）</rp>
</ruby>の、哀悼の誠を<ruby>
<rb>捧</rb>
<rp>（</rp>
<rt>ささ</rt>
<rp>）</rp>
</ruby>げる」と記した。</p>
<p>　ドイツ首脳の言葉を一部踏襲したもので、村山談話などの「お<ruby>
<rb>詫</rb>
<rp>（</rp>
<rt>わ</rt>
<rp>）</rp>
</ruby>び」に相当する表現だ。首相の真剣な気持ちが十分に伝わる。</p>
<p>　談話は、日本が先の大戦について「痛切な反省と心からのお詫びの気持ちを表明してきた」として、村山談話などの見解に改めて言及した。さらに、「こうした歴代内閣の立場は、今後も、揺るぎないもの」と明記している。</p>
<p>　◆女性の人権を尊重せよ</p>
<p>　今回の表現では納得しない一部の近隣諸国もあろう。それでも、反省やお詫びに触れなくていい、ということにはなるまい。</p>
<p>　欧米諸国を含む国際社会全体に向けて、現在の日本の考え方を発信し、理解を広げることこそが大切な作業である。</p>
<p>　その意味で、安倍談話が、戦後の日本に手を差し伸べた欧米や中国などに対する感謝の念を表明したことは妥当だろう。</p>
<p>　「戦時下、多くの女性たちの尊厳や名誉が深く傷つけられた過去を、この胸に刻み続ける」との表現は、慰安婦を念頭に置いたもので、韓国への配慮だ。</p>
<p>　談話が表明したように、「２１世紀こそ、女性の人権が傷つけられることのない世紀とするため、世界をリードする」ことが、今、日本に求められている。</p>
<p>　談話は、戦争とは何の関わりのない世代に「謝罪を続ける宿命を背負わせてはならない」とも強調している。</p>
<p>　この問題に一定の区切りをつけて、子々孫々にまで謝罪行為を強いられないようにすることが大切である。中国や韓国にも、理解と自制を求めたい。</p>
<p>　◆次世代の謝罪避けたい</p>
<p>　首相は記者会見で、談話について「できるだけ多くの国民と共有できることを心掛けた」と語った。歴史認識を巡る様々な考えは、今回の談話で国内的にはかなり整理、集約できたと言えよう。</p>
<p>　談話は、日本が今後進む方向性に関して、「国際秩序への挑戦者となってしまった過去」を胸に刻みつつ、自由、民主主義、人権といった価値を揺るぎないものとして堅持する、と誓った。</p>
<p>　「積極的平和主義」を掲げ、世界の平和と繁栄に貢献することが欠かせない。こうした日本の姿勢は、欧米や東南アジアの諸国から幅広く支持されている。</p>
<p>　「歴史の声」に耳を傾けつつ、日本の将来を切り<ruby>
<rb>拓</rb>
<rp>（</rp>
<rt>ひら</rt>
<rp>）</rp>
</ruby>きたい。</p>
</body>
</html>
</DataContent>
</ContentItem>
</NewsComponent>
</NewsComponent>
</NewsItem>
</NewsML>
