<?xml version="1.0" encoding="UTF-8"?><!DOCTYPE NewsML SYSTEM "./DTD/NewsMLv1.2.dtd" [<!ENTITY % xhtml11.dtd SYSTEM "./DTD/xhtml11-flat.dtd">
	%xhtml11.dtd;]>
<NewsML Version="1.2">
<Catalog Href="../catalog/catalogYomiuriMasterCatalog.xml" />
<NewsEnvelope>
<SentFrom>
<Party Scheme="NskParty" FormalName="Yomiuri" />
</SentFrom>
<DateAndTime>20150813T134711+0900</DateAndTime>
<NewsService Scheme="YgdistNewsService" FormalName="Ygdist-Full" />
<NewsProduct Scheme="YgdistNewsProduct" FormalName="NewsML:1.2" />
</NewsEnvelope>
<NewsItem>
<Identification>
      <NewsIdentifier>
        <ProviderId>yomiuri.co.jp</ProviderId>
        <DateId>20150813</DateId>
        <NewsItemId>027-OYT1T50004</NewsItemId>
        <RevisionId PreviousRevision="15" Update="N">16</RevisionId>
        <PublicIdentifier>urn:newsml:yomiuri.co.jp:20150813:027-OYT1T50004:16</PublicIdentifier>
      </NewsIdentifier>
    </Identification>
<NewsManagement>
<NewsItemType FormalName="News" Scheme="IptcNewsItemType" />
<FirstCreated>20150813T072403+0900</FirstCreated>
<ThisRevisionCreated>20150813T134711+0900</ThisRevisionCreated>
<Status FormalName="Usable" />
<Instruction Scheme="YgdistInstruction" FormalName="CancelAll">
<RevisionStatus>
<Status FormalName="Canceled" />
</RevisionStatus>
</Instruction>
</NewsManagement>
<NewsComponent xml:lang="ja-JP" Duid="Article.20150813.027-OYT1T50004">
<Role Scheme="YgdistRole" FormalName="Article" />
<NewsLines>
<HeadLine>岩隈ノーヒットノーラン…日本人投手は野茂以来</HeadLine>
<DateLine>2015-08-13 10:36:00</DateLine>
<CreditLine>読売新聞社</CreditLine>
<CopyrightLine>COPYRIGHT THE YOMIURI SHIMBUN</CopyrightLine>
</NewsLines>
<RightsMetadata>
        <Copyright>
          <CopyrightHolder>読売新聞社</CopyrightHolder>
          <CopyrightDate>2015</CopyrightDate>
        </Copyright>
      </RightsMetadata>
<DescriptiveMetadata>
<Language FormalName="ja" />
<SubjectCode>
<Subject FormalName="11000000" />
</SubjectCode>
</DescriptiveMetadata>
<Metadata>
<MetadataType FormalName="YomiuriNewsManagement" />
<Property FormalName="NewsCategory" Value="Full" />
</Metadata>
<Metadata>
<MetadataType FormalName="YomiuriMediaGenreCode" />
<Property FormalName="YomiuriMediaGenre" Value="スポーツ" />
<Property FormalName="YomiuriMediaGenre2" Value="大リーグ" />
</Metadata>
<NewsComponent xml:lang="ja-JP" Duid="Article.HeadLine.20150813.027-OYT1T50004">
<Role Scheme="YgdistRole" FormalName="ArticleHeadLine" />
<ContentItem>
<MediaType FormalName="Text" Scheme="IptcMediaTypes" />
<Format FormalName="XHTML" Scheme="IptcFormat" />
<MimeType FormalName="text/xml" Scheme="IptcMimeTypes" />
<DataContent>
<html>
<head>
<title />
</head>
<body>
<p>岩隈ノーヒットノーラン…日本人投手は野茂以来</p>
</body>
</html>
</DataContent>
</ContentItem>
</NewsComponent>
<NewsComponent xml:lang="ja-JP" Duid="Article.Body.20150813.027-OYT1T50004" Essential="yes">
<Role Scheme="YgdistRole" FormalName="ArticleBody" />
<ContentItem>
<MediaType FormalName="Text" Scheme="IptcMediaTypes" />
<Format FormalName="XHTML" Scheme="IptcFormat" />
<MimeType FormalName="text/xml" Scheme="IptcMimeTypes" />
<DataContent>
<html>
<head>
<title />
</head>
<body>
<p>　【モントリオール（カナダ）＝宮崎薫】米大リーグ、マリナーズの岩隈久志（３４）が１２日（日本時間１３日）、本拠地シアトルのセーフコ・フィールドで行われたオリオールズ戦で、無安打無得点試合（ノーヒットノーラン）を達成した。</p>
<p>　大リーグの日本人投手では、野茂英雄がドジャース時代の１９９６年９月１７日のロッキーズ戦、レッドソックス時代の２００１年４月４日のオリオールズ戦で達成して以来、２人目で計３度目。岩隈にとっては日米通じて自身初の快挙となった。</p>
<p>　岩隈の投球数は１１６球で、打者２９人に対し、許した走者は四球の３人のみだった。アウトの内訳は内野ゴロ１１（うち併殺１）、飛球８、三振７。チームは３―０で勝ち、岩隈は４勝目（２敗）を挙げた。</p>
</body>
</html>
</DataContent>
</ContentItem>
</NewsComponent>
</NewsComponent>
</NewsItem>
</NewsML>
