<?xml version="1.0" encoding="UTF-8"?><!DOCTYPE NewsML SYSTEM "./DTD/NewsMLv1.2.dtd" [<!ENTITY % xhtml11.dtd SYSTEM "./DTD/xhtml11-flat.dtd">
	%xhtml11.dtd;]>
<NewsML Version="1.2">
<Catalog Href="../catalog/catalogYomiuriMasterCatalog.xml" />
<NewsEnvelope>
<SentFrom>
<Party Scheme="NskParty" FormalName="Yomiuri" />
</SentFrom>
<DateAndTime>20150810T174918+0900</DateAndTime>
<NewsService Scheme="YgdistNewsService" FormalName="Ygdist-Full" />
<NewsProduct Scheme="YgdistNewsProduct" FormalName="NewsML:1.2" />
</NewsEnvelope>
<NewsItem>
<Identification>
      <NewsIdentifier>
        <ProviderId>yomiuri.co.jp</ProviderId>
        <DateId>20150810</DateId>
        <NewsItemId>027-OYT1T50051</NewsItemId>
        <RevisionId PreviousRevision="5" Update="N">6</RevisionId>
        <PublicIdentifier>urn:newsml:yomiuri.co.jp:20150810:027-OYT1T50051:6</PublicIdentifier>
      </NewsIdentifier>
    </Identification>
<NewsManagement>
<NewsItemType FormalName="News" Scheme="IptcNewsItemType" />
<FirstCreated>20150810T174918+0900</FirstCreated>
<ThisRevisionCreated>20150810T174918+0900</ThisRevisionCreated>
<Status FormalName="Usable" />
<Instruction Scheme="YgdistInstruction" FormalName="CancelAll">
<RevisionStatus>
<Status FormalName="Canceled" />
</RevisionStatus>
</Instruction>
</NewsManagement>
<NewsComponent xml:lang="ja-JP" Duid="Article.20150810.027-OYT1T50051">
<Role Scheme="YgdistRole" FormalName="Article" />
<NewsLines>
<HeadLine>「ぺそら漬けで元気」帰郷の佐々木監督に功労賞</HeadLine>
<DateLine>2015-08-10 17:49:00</DateLine>
<CreditLine>読売新聞社</CreditLine>
<CopyrightLine>COPYRIGHT THE YOMIURI SHIMBUN</CopyrightLine>
</NewsLines>
<RightsMetadata>
        <Copyright>
          <CopyrightHolder>読売新聞社</CopyrightHolder>
          <CopyrightDate>2015</CopyrightDate>
        </Copyright>
      </RightsMetadata>
<DescriptiveMetadata>
<Language FormalName="ja" />
<SubjectCode>
<Subject FormalName="11000000" />
</SubjectCode>
</DescriptiveMetadata>
<Metadata>
<MetadataType FormalName="YomiuriNewsManagement" />
<Property FormalName="NewsCategory" Value="Full" />
</Metadata>
<Metadata>
<MetadataType FormalName="YomiuriMediaGenreCode" />
<Property FormalName="YomiuriMediaGenre" Value="スポーツ" />
<Property FormalName="YomiuriMediaGenre2" Value="サッカー" />
</Metadata>
<NewsComponent xml:lang="ja-JP" Duid="Article.HeadLine.20150810.027-OYT1T50051">
<Role Scheme="YgdistRole" FormalName="ArticleHeadLine" />
<ContentItem>
<MediaType FormalName="Text" Scheme="IptcMediaTypes" />
<Format FormalName="XHTML" Scheme="IptcFormat" />
<MimeType FormalName="text/xml" Scheme="IptcMimeTypes" />
<DataContent>
<html>
<head>
<title />
</head>
<body>
<p>「ぺそら漬けで元気」帰郷の佐々木監督に功労賞</p>
</body>
</html>
</DataContent>
</ContentItem>
</NewsComponent>
<NewsComponent xml:lang="ja-JP" Duid="Article.Body.20150810.027-OYT1T50051" Essential="yes">
<Role Scheme="YgdistRole" FormalName="ArticleBody" />
<ContentItem>
<MediaType FormalName="Text" Scheme="IptcMediaTypes" />
<Format FormalName="XHTML" Scheme="IptcFormat" />
<MimeType FormalName="text/xml" Scheme="IptcMimeTypes" />
<DataContent>
<html>
<head>
<title />
</head>
<body>
<p>　６～７月に開催されたサッカー女子ワールドカップ（Ｗ杯）カナダ大会で日本代表（なでしこジャパン）を準優勝に導いた佐々木則夫監督（５７）が１０日、故郷・山形県尾花沢市を訪れ、市特別功労賞が贈られた。</p>
<p>　市役所前で行われた式典には市民ら約５００人が集まった。佐々木監督は中国・武漢での東アジア杯を戦い、帰国したばかりだったが「（地元特産の）ぺそら漬けを食べて、皆さんの笑顔を見たら元気になった。Ｗ杯で決勝まで行けたのも山形からの応援のおかげ」と笑顔で話した。</p>
<p>　市内のスポーツ少年団でサッカーをしている市立尾花沢中２年生の女子生徒（１４）は「なでしこジャパンの活躍を見て勇気をもらった。佐々木監督の言葉を聞いて、もっと練習を頑張ろうと思った」と話した。</p>
</body>
</html>
</DataContent>
</ContentItem>
</NewsComponent>
<NewsComponent xml:lang="ja-JP" Duid="Article.RelatedImage1.20150810.027-OYT1T50051">
<Role Scheme="YgdistRole" FormalName="ArticleRelatedImage" />
<NewsItemRef NewsItem="urn:newsml:yomiuri.co.jp:20150810:027-OYT1I50016:5" />
</NewsComponent>
</NewsComponent>
</NewsItem>
</NewsML>
