<?xml version="1.0" encoding="UTF-8"?><!DOCTYPE NewsML SYSTEM "./DTD/NewsMLv1.2.dtd" [<!ENTITY % xhtml11.dtd SYSTEM "./DTD/xhtml11-flat.dtd">
	%xhtml11.dtd;]>
<NewsML Version="1.2">
<Catalog Href="../catalog/catalogYomiuriMasterCatalog.xml" />
<NewsEnvelope>
<SentFrom>
<Party Scheme="NskParty" FormalName="Yomiuri" />
</SentFrom>
<DateAndTime>20150817T181358+0900</DateAndTime>
<NewsService Scheme="YgdistNewsService" FormalName="Ygdist-Full" />
<NewsProduct Scheme="YgdistNewsProduct" FormalName="NewsML:1.2" />
</NewsEnvelope>
<NewsItem>
<Identification>
      <NewsIdentifier>
        <ProviderId>yomiuri.co.jp</ProviderId>
        <DateId>20150816</DateId>
        <NewsItemId>027-OYT1T50018</NewsItemId>
        <RevisionId PreviousRevision="9" Update="N">10</RevisionId>
        <PublicIdentifier>urn:newsml:yomiuri.co.jp:20150816:027-OYT1T50018:10</PublicIdentifier>
      </NewsIdentifier>
    </Identification>
<NewsManagement>
<NewsItemType FormalName="News" Scheme="IptcNewsItemType" />
<FirstCreated>20150816T154435+0900</FirstCreated>
<ThisRevisionCreated>20150817T181358+0900</ThisRevisionCreated>
<Status FormalName="Usable" />
<Instruction Scheme="YgdistInstruction" FormalName="CancelAll">
<RevisionStatus>
<Status FormalName="Canceled" />
</RevisionStatus>
</Instruction>
</NewsManagement>
<NewsComponent xml:lang="ja-JP" Duid="Article.20150816.027-OYT1T50018">
<Role Scheme="YgdistRole" FormalName="Article" />
<NewsLines>
<HeadLine>盛岡市長選、現職と新人の一騎打ち…２３日投票</HeadLine>
<DateLine>2015-08-17 18:11:00</DateLine>
<CreditLine>読売新聞社</CreditLine>
<CopyrightLine>COPYRIGHT THE YOMIURI SHIMBUN</CopyrightLine>
</NewsLines>
<RightsMetadata>
        <Copyright>
          <CopyrightHolder>読売新聞社</CopyrightHolder>
          <CopyrightDate>2015</CopyrightDate>
        </Copyright>
      </RightsMetadata>
<DescriptiveMetadata>
<Language FormalName="ja" />
<SubjectCode>
<Subject FormalName="11000000" />
</SubjectCode>
</DescriptiveMetadata>
<Metadata>
<MetadataType FormalName="YomiuriNewsManagement" />
<Property FormalName="NewsCategory" Value="Full" />
</Metadata>
<Metadata>
<MetadataType FormalName="YomiuriMediaGenreCode" />
<Property FormalName="YomiuriMediaGenre" Value="政治" />
<Property FormalName="YomiuriMediaGenre2" Value="地方選" />
</Metadata>
<NewsComponent xml:lang="ja-JP" Duid="Article.HeadLine.20150816.027-OYT1T50018">
<Role Scheme="YgdistRole" FormalName="ArticleHeadLine" />
<ContentItem>
<MediaType FormalName="Text" Scheme="IptcMediaTypes" />
<Format FormalName="XHTML" Scheme="IptcFormat" />
<MimeType FormalName="text/xml" Scheme="IptcMimeTypes" />
<DataContent>
<html>
<head>
<title />
</head>
<body>
<p>盛岡市長選、現職と新人の一騎打ち…２３日投票</p>
</body>
</html>
</DataContent>
</ContentItem>
</NewsComponent>
<NewsComponent xml:lang="ja-JP" Duid="Article.Body.20150816.027-OYT1T50018" Essential="yes">
<Role Scheme="YgdistRole" FormalName="ArticleBody" />
<ContentItem>
<MediaType FormalName="Text" Scheme="IptcMediaTypes" />
<Format FormalName="XHTML" Scheme="IptcFormat" />
<MimeType FormalName="text/xml" Scheme="IptcMimeTypes" />
<DataContent>
<html>
<head>
<title />
</head>
<body>
<p>　盛岡市長選は１６日告示され、４選を目指す現職と新人の計２人が立候補した。</p>
<p>　投開票は２３日。</p>
<p>　現職は自民党岩手県連幹事長などを歴任。東日本大震災後に行われた前回選は、民主党が「復旧・復興を優先すべきだ」として対抗馬擁立を見送り、無投票で３選を果たした。今回は民主が新人を擁立し、生活の党も推薦を決めた。</p>
<p>　　　　　　　　　◇</p>
<p>　◆立候補者</p>
<p><ruby>
<rb>谷藤</rb>
<rp>（</rp>
<rt>たにふじ</rt>
<rp>）</rp>
</ruby>　<ruby>
<rb>裕明</rb>
<rp>（</rp>
<rt>ひろあき</rt>
<rp>）</rp>
</ruby>　６５　無現　市長</p>
<p><ruby>
<rb>内舘</rb>
<rp>（</rp>
<rt>うちだて</rt>
<rp>）</rp>
</ruby>　　<ruby>
<rb>茂</rb>
<rp>（</rp>
<rt>しげる</rt>
<rp>）</rp>
</ruby>　４８　無新　住宅会社社長（民）（生）</p>
<p>　（届け出順、カッコ内は推薦政党）</p>
</body>
</html>
</DataContent>
</ContentItem>
</NewsComponent>
</NewsComponent>
</NewsItem>
</NewsML>
