<?xml version="1.0" encoding="UTF-8"?><!DOCTYPE NewsML SYSTEM "./DTD/NewsMLv1.2.dtd" [<!ENTITY % xhtml11.dtd SYSTEM "./DTD/xhtml11-flat.dtd">
	%xhtml11.dtd;]>
<NewsML Version="1.2">
<Catalog Href="../catalog/catalogYomiuriMasterCatalog.xml" />
<NewsEnvelope>
<SentFrom>
<Party Scheme="NskParty" FormalName="Yomiuri" />
</SentFrom>
<DateAndTime>20150814T131952+0900</DateAndTime>
<NewsService Scheme="YgdistNewsService" FormalName="Ygdist-Full" />
<NewsProduct Scheme="YgdistNewsProduct" FormalName="NewsML:1.2" />
</NewsEnvelope>
<NewsItem>
<Identification>
      <NewsIdentifier>
        <ProviderId>yomiuri.co.jp</ProviderId>
        <DateId>20150814</DateId>
        <NewsItemId>027-OYT1T50054</NewsItemId>
        <RevisionId PreviousRevision="14" Update="N">15</RevisionId>
        <PublicIdentifier>urn:newsml:yomiuri.co.jp:20150814:027-OYT1T50054:15</PublicIdentifier>
      </NewsIdentifier>
    </Identification>
<NewsManagement>
<NewsItemType FormalName="News" Scheme="IptcNewsItemType" />
<FirstCreated>20150814T115239+0900</FirstCreated>
<ThisRevisionCreated>20150814T131952+0900</ThisRevisionCreated>
<Status FormalName="Usable" />
<Instruction Scheme="YgdistInstruction" FormalName="CancelAll">
<RevisionStatus>
<Status FormalName="Canceled" />
</RevisionStatus>
</Instruction>
</NewsManagement>
<NewsComponent xml:lang="ja-JP" Duid="Article.20150814.027-OYT1T50054">
<Role Scheme="YgdistRole" FormalName="Article" />
<NewsLines>
<HeadLine>物質は「調査中」、報道規制を強化…天津爆発</HeadLine>
<DateLine>2015-08-14 11:54:00</DateLine>
<CreditLine>読売新聞社</CreditLine>
<CopyrightLine>COPYRIGHT THE YOMIURI SHIMBUN</CopyrightLine>
</NewsLines>
<RightsMetadata>
        <Copyright>
          <CopyrightHolder>読売新聞社</CopyrightHolder>
          <CopyrightDate>2015</CopyrightDate>
        </Copyright>
      </RightsMetadata>
<DescriptiveMetadata>
<Language FormalName="ja" />
<SubjectCode>
<Subject FormalName="11000000" />
</SubjectCode>
</DescriptiveMetadata>
<Metadata>
<MetadataType FormalName="YomiuriNewsManagement" />
<Property FormalName="NewsCategory" Value="Full" />
</Metadata>
<Metadata>
<MetadataType FormalName="YomiuriMediaGenreCode" />
<Property FormalName="YomiuriMediaGenre" Value="国際" />
</Metadata>
<NewsComponent xml:lang="ja-JP" Duid="Article.HeadLine.20150814.027-OYT1T50054">
<Role Scheme="YgdistRole" FormalName="ArticleHeadLine" />
<ContentItem>
<MediaType FormalName="Text" Scheme="IptcMediaTypes" />
<Format FormalName="XHTML" Scheme="IptcFormat" />
<MimeType FormalName="text/xml" Scheme="IptcMimeTypes" />
<DataContent>
<html>
<head>
<title />
</head>
<body>
<p>物質は「調査中」、報道規制を強化…天津爆発</p>
</body>
</html>
</DataContent>
</ContentItem>
</NewsComponent>
<NewsComponent xml:lang="ja-JP" Duid="Article.Body.20150814.027-OYT1T50054" Essential="yes">
<Role Scheme="YgdistRole" FormalName="ArticleBody" />
<ContentItem>
<MediaType FormalName="Text" Scheme="IptcMediaTypes" />
<Format FormalName="XHTML" Scheme="IptcFormat" />
<MimeType FormalName="text/xml" Scheme="IptcMimeTypes" />
<DataContent>
<html>
<head>
<title />
</head>
<body>
<p>　【天津＝竹腰雅彦】天津市の爆発事故で、中国当局は１０００人以上の消防隊員や、化学物質の処理を専門とする防護部隊約２２０人を新たに投入し、消火活動を続けている。</p>
<p>　消防無人機による空撮映像では１４日朝も数か所から大きな煙が立ち上っていた。</p>
<p>　市当局によると、住民約６０００人が１４日までに、仮設避難所に退避した。天津市政府は１３日夕、死者数は５０人と発表。１４日朝の記者会見で、新たな被害は発表されなかった。</p>
<p>　中国メディアによると、２回発生した爆発の威力は、１回目がＴＮＴ火薬に換算して３トン相当、２回目が２１トン相当。倉庫には猛毒のシアン化ナトリウムや、炭化カルシウムなどが保管されていたとされるが、当局は「調査中」として確認を避けている。</p>
<p>　一方、当局は報道規制を強化。ネット情報を管理する国家インターネット情報弁公室のサイトによると、河南省の夕刊紙「鄭州晩報」が、無料通話アプリ「微信（ウィー・チャット）」で「事実と違う情報を流した」として１週間のアカウント閉鎖処分を受けた。</p>
<p>　中国のネットでは、危険物の管理や、爆発による大気や人体への影響を懸念する声が広がっており、社会不安の高まりが政権への批判に転じることを警戒しているとみられる。</p>
</body>
</html>
</DataContent>
</ContentItem>
</NewsComponent>
<NewsComponent xml:lang="ja-JP" Duid="Article.RelatedImage1.20150814.027-OYT1T50054">
<Role Scheme="YgdistRole" FormalName="ArticleRelatedImage" />
<NewsItemRef NewsItem="urn:newsml:yomiuri.co.jp:20150814:027-OYT1I50015:15" />
</NewsComponent>
</NewsComponent>
</NewsItem>
</NewsML>
