<?xml version="1.0" encoding="UTF-8"?><!DOCTYPE NewsML SYSTEM "./DTD/NewsMLv1.2.dtd" [<!ENTITY % xhtml11.dtd SYSTEM "./DTD/xhtml11-flat.dtd">
	%xhtml11.dtd;]>
<NewsML Version="1.2">
<Catalog Href="../catalog/catalogYomiuriMasterCatalog.xml" />
<NewsEnvelope>
<SentFrom>
<Party Scheme="NskParty" FormalName="Yomiuri" />
</SentFrom>
<DateAndTime>20150812T204216+0900</DateAndTime>
<NewsService Scheme="YgdistNewsService" FormalName="Ygdist-Full" />
<NewsProduct Scheme="YgdistNewsProduct" FormalName="NewsML:1.2" />
</NewsEnvelope>
<NewsItem>
<Identification>
      <NewsIdentifier>
        <ProviderId>yomiuri.co.jp</ProviderId>
        <DateId>20150812</DateId>
        <NewsItemId>027-OYT1T50098</NewsItemId>
        <RevisionId PreviousRevision="2" Update="N">3</RevisionId>
        <PublicIdentifier>urn:newsml:yomiuri.co.jp:20150812:027-OYT1T50098:3</PublicIdentifier>
      </NewsIdentifier>
    </Identification>
<NewsManagement>
<NewsItemType FormalName="News" Scheme="IptcNewsItemType" />
<FirstCreated>20150812T204216+0900</FirstCreated>
<ThisRevisionCreated>20150812T204216+0900</ThisRevisionCreated>
<Status FormalName="Usable" />
<Instruction Scheme="YgdistInstruction" FormalName="CancelAll">
<RevisionStatus>
<Status FormalName="Canceled" />
</RevisionStatus>
</Instruction>
</NewsManagement>
<NewsComponent xml:lang="ja-JP" Duid="Article.20150812.027-OYT1T50098">
<Role Scheme="YgdistRole" FormalName="Article" />
<NewsLines>
<HeadLine>韓国外相、談話に「明確な言葉での表現」求める</HeadLine>
<DateLine>2015-08-12 20:42:00</DateLine>
<CreditLine>読売新聞社</CreditLine>
<CopyrightLine>COPYRIGHT THE YOMIURI SHIMBUN</CopyrightLine>
</NewsLines>
<RightsMetadata>
        <Copyright>
          <CopyrightHolder>読売新聞社</CopyrightHolder>
          <CopyrightDate>2015</CopyrightDate>
        </Copyright>
      </RightsMetadata>
<DescriptiveMetadata>
<Language FormalName="ja" />
<SubjectCode>
<Subject FormalName="11000000" />
</SubjectCode>
</DescriptiveMetadata>
<Metadata>
<MetadataType FormalName="YomiuriNewsManagement" />
<Property FormalName="NewsCategory" Value="Full" />
</Metadata>
<Metadata>
<MetadataType FormalName="YomiuriMediaGenreCode" />
<Property FormalName="YomiuriMediaGenre" Value="国際" />
</Metadata>
<NewsComponent xml:lang="ja-JP" Duid="Article.HeadLine.20150812.027-OYT1T50098">
<Role Scheme="YgdistRole" FormalName="ArticleHeadLine" />
<ContentItem>
<MediaType FormalName="Text" Scheme="IptcMediaTypes" />
<Format FormalName="XHTML" Scheme="IptcFormat" />
<MimeType FormalName="text/xml" Scheme="IptcMimeTypes" />
<DataContent>
<html>
<head>
<title />
</head>
<body>
<p>韓国外相、談話に「明確な言葉での表現」求める</p>
</body>
</html>
</DataContent>
</ContentItem>
</NewsComponent>
<NewsComponent xml:lang="ja-JP" Duid="Article.Body.20150812.027-OYT1T50098" Essential="yes">
<Role Scheme="YgdistRole" FormalName="ArticleBody" />
<ContentItem>
<MediaType FormalName="Text" Scheme="IptcMediaTypes" />
<Format FormalName="XHTML" Scheme="IptcFormat" />
<MimeType FormalName="text/xml" Scheme="IptcMimeTypes" />
<DataContent>
<html>
<head>
<title />
</head>
<body>
<p>　【ソウル＝豊浦潤一】韓国の<ruby>
<rb>尹炳世</rb>
<rp>（</rp>
<rt>ユンビョンセ</rt>
<rp>）</rp>
</ruby>外相は１２日、安倍首相が１４日に発表する戦後７０年談話をめぐり、歴代内閣の歴史認識を「明確な言葉で表現することを求めてきた」と語った。</p>
<p>　「植民地支配と侵略」について「痛切な反省」や「おわび」を表明した村山談話の表現を盛り込むよう暗に求めたものとみられるが、具体的な言葉には言及しなかった。</p>
<p>　韓国外交省傘下の調査研究機関・国立外交院内に新設した日本研究所の開所式のあいさつで語った。</p>
<p>　安倍談話について韓国政府はこれまで、「歴代首相談話の歴史認識を確実に再確認すること」（<ruby>
<rb>朴槿恵</rb>
<rp>（</rp>
<rt>パククネ</rt>
<rp>）</rp>
</ruby>大統領）を求め、特定の言葉にはこだわらない姿勢を見せていた。</p>
</body>
</html>
</DataContent>
</ContentItem>
</NewsComponent>
</NewsComponent>
</NewsItem>
</NewsML>
