<?xml version="1.0" encoding="UTF-8"?><!DOCTYPE NewsML SYSTEM "./DTD/NewsMLv1.2.dtd" [<!ENTITY % xhtml11.dtd SYSTEM "./DTD/xhtml11-flat.dtd">
	%xhtml11.dtd;]>
<NewsML Version="1.2">
<Catalog Href="../catalog/catalogYomiuriMasterCatalog.xml" />
<NewsEnvelope>
<SentFrom>
<Party Scheme="NskParty" FormalName="Yomiuri" />
</SentFrom>
<DateAndTime>20150812T185844+0900</DateAndTime>
<NewsService Scheme="YgdistNewsService" FormalName="Ygdist-Full" />
<NewsProduct Scheme="YgdistNewsProduct" FormalName="NewsML:1.2" />
</NewsEnvelope>
<NewsItem>
<Identification>
      <NewsIdentifier>
        <ProviderId>yomiuri.co.jp</ProviderId>
        <DateId>20150812</DateId>
        <NewsItemId>027-OYT1T50071</NewsItemId>
        <RevisionId PreviousRevision="8" Update="N">9</RevisionId>
        <PublicIdentifier>urn:newsml:yomiuri.co.jp:20150812:027-OYT1T50071:9</PublicIdentifier>
      </NewsIdentifier>
    </Identification>
<NewsManagement>
<NewsItemType FormalName="News" Scheme="IptcNewsItemType" />
<FirstCreated>20150812T180852+0900</FirstCreated>
<ThisRevisionCreated>20150812T185844+0900</ThisRevisionCreated>
<Status FormalName="Usable" />
<Instruction Scheme="YgdistInstruction" FormalName="CancelAll">
<RevisionStatus>
<Status FormalName="Canceled" />
</RevisionStatus>
</Instruction>
</NewsManagement>
<NewsComponent xml:lang="ja-JP" Duid="Article.20150812.027-OYT1T50071">
<Role Scheme="YgdistRole" FormalName="Article" />
<NewsLines>
<HeadLine>中京大中京、六回に勝ち越し…鹿児島実下す</HeadLine>
<DateLine>2015-08-12 18:02:00</DateLine>
<CreditLine>読売新聞社</CreditLine>
<CopyrightLine>COPYRIGHT THE YOMIURI SHIMBUN</CopyrightLine>
</NewsLines>
<RightsMetadata>
        <Copyright>
          <CopyrightHolder>読売新聞社</CopyrightHolder>
          <CopyrightDate>2015</CopyrightDate>
        </Copyright>
      </RightsMetadata>
<DescriptiveMetadata>
<Language FormalName="ja" />
<SubjectCode>
<Subject FormalName="11000000" />
</SubjectCode>
</DescriptiveMetadata>
<Metadata>
<MetadataType FormalName="YomiuriNewsManagement" />
<Property FormalName="NewsCategory" Value="Full" />
</Metadata>
<Metadata>
<MetadataType FormalName="YomiuriMediaGenreCode" />
<Property FormalName="YomiuriMediaGenre" Value="スポーツ" />
<Property FormalName="YomiuriMediaGenre2" Value="高校野球本大会" />
</Metadata>
<NewsComponent xml:lang="ja-JP" Duid="Article.HeadLine.20150812.027-OYT1T50071">
<Role Scheme="YgdistRole" FormalName="ArticleHeadLine" />
<ContentItem>
<MediaType FormalName="Text" Scheme="IptcMediaTypes" />
<Format FormalName="XHTML" Scheme="IptcFormat" />
<MimeType FormalName="text/xml" Scheme="IptcMimeTypes" />
<DataContent>
<html>
<head>
<title />
</head>
<body>
<p>中京大中京、六回に勝ち越し…鹿児島実下す</p>
</body>
</html>
</DataContent>
</ContentItem>
</NewsComponent>
<NewsComponent xml:lang="ja-JP" Duid="Article.Body.20150812.027-OYT1T50071" Essential="yes">
<Role Scheme="YgdistRole" FormalName="ArticleBody" />
<ContentItem>
<MediaType FormalName="Text" Scheme="IptcMediaTypes" />
<Format FormalName="XHTML" Scheme="IptcFormat" />
<MimeType FormalName="text/xml" Scheme="IptcMimeTypes" />
<DataContent>
<html>
<head>
<title />
</head>
<body>
<p>　中京大中京７―３鹿児島実（２回戦＝１２日）――中京大中京（愛知）は同点の六回、矢田崎の適時打など５連打で３点を奪い、勝ち越し。</p>
<p>　終盤にも加点して逃げ切った。エース上野は７安打を許したが、要所を締めて完投。</p>
<p>　鹿児島実（鹿児島）は七回に長谷部の犠飛などで２点をかえしたが、及ばなかった。</p>
</body>
</html>
</DataContent>
</ContentItem>
</NewsComponent>
<NewsComponent xml:lang="ja-JP" Duid="Article.RelatedImage1.20150812.027-OYT1T50071">
<Role Scheme="YgdistRole" FormalName="ArticleRelatedImage" />
<NewsItemRef NewsItem="urn:newsml:yomiuri.co.jp:20150812:027-OYT1I50013:2" />
</NewsComponent>
</NewsComponent>
</NewsItem>
</NewsML>
