<?xml version="1.0" encoding="UTF-8"?><!DOCTYPE NewsML SYSTEM "./DTD/NewsMLv1.2.dtd" [<!ENTITY % xhtml11.dtd SYSTEM "./DTD/xhtml11-flat.dtd">
	%xhtml11.dtd;]>
<NewsML Version="1.2">
<Catalog Href="../catalog/catalogYomiuriMasterCatalog.xml" />
<NewsEnvelope>
<SentFrom>
<Party Scheme="NskParty" FormalName="Yomiuri" />
</SentFrom>
<DateAndTime>20150812T232424+0900</DateAndTime>
<NewsService Scheme="YgdistNewsService" FormalName="Ygdist-Full" />
<NewsProduct Scheme="YgdistNewsProduct" FormalName="NewsML:1.2" />
</NewsEnvelope>
<NewsItem>
<Identification>
      <NewsIdentifier>
        <ProviderId>yomiuri.co.jp</ProviderId>
        <DateId>20150812</DateId>
        <NewsItemId>027-OYT1T50111</NewsItemId>
        <RevisionId PreviousRevision="2" Update="N">3</RevisionId>
        <PublicIdentifier>urn:newsml:yomiuri.co.jp:20150812:027-OYT1T50111:3</PublicIdentifier>
      </NewsIdentifier>
    </Identification>
<NewsManagement>
<NewsItemType FormalName="News" Scheme="IptcNewsItemType" />
<FirstCreated>20150812T232424+0900</FirstCreated>
<ThisRevisionCreated>20150812T232424+0900</ThisRevisionCreated>
<Status FormalName="Usable" />
<Instruction Scheme="YgdistInstruction" FormalName="CancelAll">
<RevisionStatus>
<Status FormalName="Canceled" />
</RevisionStatus>
</Instruction>
</NewsManagement>
<NewsComponent xml:lang="ja-JP" Duid="Article.20150812.027-OYT1T50111">
<Role Scheme="YgdistRole" FormalName="Article" />
<NewsLines>
<HeadLine>Ｇ、四回に一挙６点挙げ勝利…内海が今季初白星</HeadLine>
<DateLine>2015-08-12 23:24:00</DateLine>
<CreditLine>読売新聞社</CreditLine>
<CopyrightLine>COPYRIGHT THE YOMIURI SHIMBUN</CopyrightLine>
</NewsLines>
<RightsMetadata>
        <Copyright>
          <CopyrightHolder>読売新聞社</CopyrightHolder>
          <CopyrightDate>2015</CopyrightDate>
        </Copyright>
      </RightsMetadata>
<DescriptiveMetadata>
<Language FormalName="ja" />
<SubjectCode>
<Subject FormalName="11000000" />
</SubjectCode>
</DescriptiveMetadata>
<Metadata>
<MetadataType FormalName="YomiuriNewsManagement" />
<Property FormalName="NewsCategory" Value="Full" />
</Metadata>
<Metadata>
<MetadataType FormalName="YomiuriMediaGenreCode" />
<Property FormalName="YomiuriMediaGenre" Value="スポーツ" />
<Property FormalName="YomiuriMediaGenre2" Value="プロ野球" />
</Metadata>
<NewsComponent xml:lang="ja-JP" Duid="Article.HeadLine.20150812.027-OYT1T50111">
<Role Scheme="YgdistRole" FormalName="ArticleHeadLine" />
<ContentItem>
<MediaType FormalName="Text" Scheme="IptcMediaTypes" />
<Format FormalName="XHTML" Scheme="IptcFormat" />
<MimeType FormalName="text/xml" Scheme="IptcMimeTypes" />
<DataContent>
<html>
<head>
<title />
</head>
<body>
<p>Ｇ、四回に一挙６点挙げ勝利…内海が今季初白星</p>
</body>
</html>
</DataContent>
</ContentItem>
</NewsComponent>
<NewsComponent xml:lang="ja-JP" Duid="Article.Body.20150812.027-OYT1T50111" Essential="yes">
<Role Scheme="YgdistRole" FormalName="ArticleBody" />
<ContentItem>
<MediaType FormalName="Text" Scheme="IptcMediaTypes" />
<Format FormalName="XHTML" Scheme="IptcFormat" />
<MimeType FormalName="text/xml" Scheme="IptcMimeTypes" />
<DataContent>
<html>
<head>
<title />
</head>
<body>
<p>　巨人８―７ＤｅＮＡ（セ・リーグ＝１２日）――巨人は四回、阿部、長野の適時打と代打・堂上の満塁弾で６点を挙げ逆転。</p>
<p>　七回にも長野が２点打。内海は今季初白星。ＤｅＮＡは４連敗で今季最多の負け越し８。</p>
<p>　　　　　　　　　　◇</p>
<p>　阪神３―１中日（セ・リーグ＝１２日）――阪神が４連勝。八回、坂の三塁打で勝ち越し、福留の二塁打で追加点を挙げた。中日は六回に一度は同点としたが、好投のバルデスを援護できずに３連敗。</p>
<p>　　　　　　　　　　◇</p>
<p>　ヤクルト５―０広島（セ・リーグ＝１２日）――ヤクルトは一回、山田の本塁打で先制し、五回には大引の３ランで突き放し３連勝。小川が今季初完封で７勝目。広島は九里が踏ん張れず、２試合連続零封負け。</p>
</body>
</html>
</DataContent>
</ContentItem>
</NewsComponent>
<NewsComponent xml:lang="ja-JP" Duid="Article.RelatedImage1.20150812.027-OYT1T50111">
<Role Scheme="YgdistRole" FormalName="ArticleRelatedImage" />
<NewsItemRef NewsItem="urn:newsml:yomiuri.co.jp:20150812:027-OYT1I50021:2" />
</NewsComponent>
</NewsComponent>
</NewsItem>
</NewsML>
