<?xml version="1.0" encoding="UTF-8"?><!DOCTYPE NewsML SYSTEM "./DTD/NewsMLv1.2.dtd" [<!ENTITY % xhtml11.dtd SYSTEM "./DTD/xhtml11-flat.dtd">
	%xhtml11.dtd;]>
<NewsML Version="1.2">
<Catalog Href="../catalog/catalogYomiuriMasterCatalog.xml" />
<NewsEnvelope>
<SentFrom>
<Party Scheme="NskParty" FormalName="Yomiuri" />
</SentFrom>
<DateAndTime>20150816T031309+0900</DateAndTime>
<NewsService Scheme="YgdistNewsService" FormalName="Ygdist-Full" />
<NewsProduct Scheme="YgdistNewsProduct" FormalName="NewsML:1.2" />
</NewsEnvelope>
<NewsItem>
<Identification>
      <NewsIdentifier>
        <ProviderId>yomiuri.co.jp</ProviderId>
        <DateId>20150815</DateId>
        <NewsItemId>027-OYT1T50132</NewsItemId>
        <RevisionId PreviousRevision="4" Update="N">5</RevisionId>
        <PublicIdentifier>urn:newsml:yomiuri.co.jp:20150815:027-OYT1T50132:5</PublicIdentifier>
      </NewsIdentifier>
    </Identification>
<NewsManagement>
<NewsItemType FormalName="News" Scheme="IptcNewsItemType" />
<FirstCreated>20150816T031309+0900</FirstCreated>
<ThisRevisionCreated>20150816T031309+0900</ThisRevisionCreated>
<Status FormalName="Usable" />
<Instruction Scheme="YgdistInstruction" FormalName="CancelAll">
<RevisionStatus>
<Status FormalName="Canceled" />
</RevisionStatus>
</Instruction>
</NewsManagement>
<NewsComponent xml:lang="ja-JP" Duid="Article.20150815.027-OYT1T50132">
<Role Scheme="YgdistRole" FormalName="Article" />
<NewsLines>
<HeadLine>７０年談話反応　中韓の批判は抑制気味だが</HeadLine>
<DateLine>2015-08-16 03:12:00</DateLine>
<CreditLine>読売新聞社</CreditLine>
<CopyrightLine>COPYRIGHT THE YOMIURI SHIMBUN</CopyrightLine>
</NewsLines>
<RightsMetadata>
        <Copyright>
          <CopyrightHolder>読売新聞社</CopyrightHolder>
          <CopyrightDate>2015</CopyrightDate>
        </Copyright>
      </RightsMetadata>
<DescriptiveMetadata>
<Language FormalName="ja" />
<SubjectCode>
<Subject FormalName="11000000" />
</SubjectCode>
</DescriptiveMetadata>
<Metadata>
<MetadataType FormalName="YomiuriNewsManagement" />
<Property FormalName="NewsCategory" Value="Full" />
</Metadata>
<Metadata>
<MetadataType FormalName="YomiuriMediaGenreCode" />
<Property FormalName="YomiuriMediaGenre" Value="社説" />
</Metadata>
<NewsComponent xml:lang="ja-JP" Duid="Article.HeadLine.20150815.027-OYT1T50132">
<Role Scheme="YgdistRole" FormalName="ArticleHeadLine" />
<ContentItem>
<MediaType FormalName="Text" Scheme="IptcMediaTypes" />
<Format FormalName="XHTML" Scheme="IptcFormat" />
<MimeType FormalName="text/xml" Scheme="IptcMimeTypes" />
<DataContent>
<html>
<head>
<title />
</head>
<body>
<p>７０年談話反応　中韓の批判は抑制気味だが</p>
</body>
</html>
</DataContent>
</ContentItem>
</NewsComponent>
<NewsComponent xml:lang="ja-JP" Duid="Article.Body.20150815.027-OYT1T50132" Essential="yes">
<Role Scheme="YgdistRole" FormalName="ArticleBody" />
<ContentItem>
<MediaType FormalName="Text" Scheme="IptcMediaTypes" />
<Format FormalName="XHTML" Scheme="IptcFormat" />
<MimeType FormalName="text/xml" Scheme="IptcMimeTypes" />
<DataContent>
<html>
<head>
<title />
</head>
<body>
<p>　安倍首相が発表した戦後７０年談話について、韓国と中国は表立った批判を控えている。日本との本格的な関係改善には、両国が歴史問題の政治利用を自制することが肝要だ。</p>
<p>　韓国の朴槿恵大統領は、日本の植民地支配からの解放を記念する「光復節」式典で演説した。安倍談話について、「残念な部分が少なくない」と不満を表明したが、露骨な非難は避けた。</p>
<p>　朴氏は、安倍談話発表に先立ち、「植民地支配と侵略」をお<ruby>
<rb>詫</rb>
<rp>（</rp>
<rt>わ</rt>
<rp>）</rp>
</ruby>びした村山談話など「歴代内閣の歴史認識の再確認」を求めていた。安倍談話がこうした要求を満たしたと受け止めたのだろうか。</p>
<p>　ただ、日韓関係の修復は、楽観を許さない。最大の障害は、慰安婦問題で朴氏が日本に一方的な譲歩を求め、安倍首相との会談を拒んでいることである。</p>
<p>　演説でも、「特に慰安婦問題を早期に適切に解決することを願っている」と述べただけで、具体策には言及しなかった。</p>
<p>　朴氏は「困難が多く残っているが、新しい未来に共に進むべき時だ」と語った。そうならば、<ruby>
<rb>頑</rb>
<rp>（</rp>
<rt>かたく</rt>
<rp>）</rp>
</ruby>なな姿勢から改めるべきだろう。</p>
<p>　中国外務省の報道官も安倍談話に関して、「日本は当然、被害国の国民に<ruby>
<rb>真摯</rb>
<rp>（</rp>
<rt>しんし</rt>
<rp>）</rp>
</ruby>に謝罪し、軍国主義の侵略の歴史を断ち切るべきだ。いかなるごまかしもしてはならない」と注文を付けた。</p>
<p>　安倍談話には、内外の犠牲者の前に、「深く<ruby>
<rb>頭</rb>
<rp>（</rp>
<rt>こうべ</rt>
<rp>）</rp>
</ruby>を垂れ、痛惜の念を表すとともに、<ruby>
<rb>永劫</rb>
<rp>（</rp>
<rt>えいごう</rt>
<rp>）</rp>
</ruby>の、哀悼の誠を<ruby>
<rb>捧</rb>
<rp>（</rp>
<rt>ささ</rt>
<rp>）</rp>
</ruby>げる」とある。これでもさらに謝罪を求めるのだろうか。</p>
<p>　談話は、中国の人々が寛容な心で日本との和解に力を尽くしたとして、「心からの感謝の気持ち」を表明した。習近平政権は、安倍首相が発したメッセージをきちんと受け止めなければならない。</p>
<p>　一方、米国家安全保障会議（ＮＳＣ）の報道官は「日本がもたらした被害への深い反省と、歴史に関する過去の政権の談話を継承するとの約束を表明した」との声明を出し、安倍談話を歓迎した。</p>
<p>　声明は「国際社会の平和と繁栄に向けた貢献を拡大するとの日本の決意を首相が保証したことも評価する」とも強調した。日本は米国と緊密に連携し、「積極的平和主義」を具体化したい。</p>
<p>　安倍談話が米国や豪州など海外から高い評価を得たのは、歴代内閣の歴史認識を継承したことが大きい。日本は、これを踏まえ、今秋のアジア太平洋経済協力会議（ＡＰＥＣ）などで、積極的な首脳外交を展開すべきだ。</p>
</body>
</html>
</DataContent>
</ContentItem>
</NewsComponent>
</NewsComponent>
</NewsItem>
</NewsML>
