<?xml version="1.0" encoding="UTF-8"?><!DOCTYPE NewsML SYSTEM "./DTD/NewsMLv1.2.dtd" [<!ENTITY % xhtml11.dtd SYSTEM "./DTD/xhtml11-flat.dtd">
	%xhtml11.dtd;]>
<NewsML Version="1.2">
<Catalog Href="../catalog/catalogYomiuriMasterCatalog.xml" />
<NewsEnvelope>
<SentFrom>
<Party Scheme="NskParty" FormalName="Yomiuri" />
</SentFrom>
<DateAndTime>20150814T124215+0900</DateAndTime>
<NewsService Scheme="YgdistNewsService" FormalName="Ygdist-Full" />
<NewsProduct Scheme="YgdistNewsProduct" FormalName="NewsML:1.2" />
</NewsEnvelope>
<NewsItem>
<Identification>
      <NewsIdentifier>
        <ProviderId>yomiuri.co.jp</ProviderId>
        <DateId>20150814</DateId>
        <NewsItemId>027-OYT1T50062</NewsItemId>
        <RevisionId PreviousRevision="7" Update="N">8</RevisionId>
        <PublicIdentifier>urn:newsml:yomiuri.co.jp:20150814:027-OYT1T50062:8</PublicIdentifier>
      </NewsIdentifier>
    </Identification>
<NewsManagement>
<NewsItemType FormalName="News" Scheme="IptcNewsItemType" />
<FirstCreated>20150814T120249+0900</FirstCreated>
<ThisRevisionCreated>20150814T124215+0900</ThisRevisionCreated>
<Status FormalName="Usable" />
<Instruction Scheme="YgdistInstruction" FormalName="CancelAll">
<RevisionStatus>
<Status FormalName="Canceled" />
</RevisionStatus>
</Instruction>
</NewsManagement>
<NewsComponent xml:lang="ja-JP" Duid="Article.20150814.027-OYT1T50062">
<Role Scheme="YgdistRole" FormalName="Article" />
<NewsLines>
<HeadLine>爆風で新車や窓ガラス破損…日本企業の重要拠点</HeadLine>
<DateLine>2015-08-14 12:00:00</DateLine>
<CreditLine>読売新聞社</CreditLine>
<CopyrightLine>COPYRIGHT THE YOMIURI SHIMBUN</CopyrightLine>
</NewsLines>
<RightsMetadata>
        <Copyright>
          <CopyrightHolder>読売新聞社</CopyrightHolder>
          <CopyrightDate>2015</CopyrightDate>
        </Copyright>
      </RightsMetadata>
<DescriptiveMetadata>
<Language FormalName="ja" />
<SubjectCode>
<Subject FormalName="11000000" />
</SubjectCode>
</DescriptiveMetadata>
<Metadata>
<MetadataType FormalName="YomiuriNewsManagement" />
<Property FormalName="NewsCategory" Value="Full" />
</Metadata>
<Metadata>
<MetadataType FormalName="YomiuriMediaGenreCode" />
<Property FormalName="YomiuriMediaGenre" Value="経済" />
</Metadata>
<NewsComponent xml:lang="ja-JP" Duid="Article.HeadLine.20150814.027-OYT1T50062">
<Role Scheme="YgdistRole" FormalName="ArticleHeadLine" />
<ContentItem>
<MediaType FormalName="Text" Scheme="IptcMediaTypes" />
<Format FormalName="XHTML" Scheme="IptcFormat" />
<MimeType FormalName="text/xml" Scheme="IptcMimeTypes" />
<DataContent>
<html>
<head>
<title />
</head>
<body>
<p>爆風で新車や窓ガラス破損…日本企業の重要拠点</p>
</body>
</html>
</DataContent>
</ContentItem>
</NewsComponent>
<NewsComponent xml:lang="ja-JP" Duid="Article.Body.20150814.027-OYT1T50062" Essential="yes">
<Role Scheme="YgdistRole" FormalName="ArticleBody" />
<ContentItem>
<MediaType FormalName="Text" Scheme="IptcMediaTypes" />
<Format FormalName="XHTML" Scheme="IptcFormat" />
<MimeType FormalName="text/xml" Scheme="IptcMimeTypes" />
<DataContent>
<html>
<head>
<title />
</head>
<body>
<p>　中国天津市で起きた爆発事故で、現地に進出する日本企業の被害状況が明らかになってきた。</p>
<p>　トヨタ自動車や富士重工業などでは、屋外に保管していた自動車が爆風で破損した。イオンの店舗では、窓ガラスが割れる被害があり、１４日の営業を休止する。多くのメーカーにとって、天津は重要な生産拠点かつ貿易港となっている。爆発事故の影響で輸出入業務は全面的に停止されており、復旧が長引けば、業績への影響も懸念される。</p>
<p>　日本貿易振興機構（ＪＥＴＲＯ）によると、天津市には約８００の日本企業が進出している。</p>
<p>　トヨタ自動車は現場から約２キロ・メートル離れたところに小型車などを生産する合弁工場があり、屋外に保管してあった新車が壊れるなどした。同工場は９～１６日が夏休みだが、休暇明けの生産をどうするかについては「検討中」（広報）としている。</p>
<p>　トヨタの販売店では、ガラスが数枚割れるなどの被害が出た。ただ通常通り営業しており、職員は「徐々に落ち着き、影響はほとんどない」と話した。</p>
<p>　富士重工業も約２キロ・メートル離れた自動車の保管場所で新車百数十台が壊れるなどの被害があった。マツダも出荷前の車のガラスにひびが入る被害があった。マツダはショールームの建物や展示車にも被害があり、１３日は営業を取りやめた。</p>
</body>
</html>
</DataContent>
</ContentItem>
</NewsComponent>
<NewsComponent xml:lang="ja-JP" Duid="Article.RelatedImage1.20150814.027-OYT1T50062">
<Role Scheme="YgdistRole" FormalName="ArticleRelatedImage" />
<NewsItemRef NewsItem="urn:newsml:yomiuri.co.jp:20150814:027-OYT1I50017:7" />
</NewsComponent>
</NewsComponent>
</NewsItem>
</NewsML>
