<?xml version="1.0" encoding="UTF-8"?><!DOCTYPE NewsML SYSTEM "./DTD/NewsMLv1.2.dtd" [<!ENTITY % xhtml11.dtd SYSTEM "./DTD/xhtml11-flat.dtd">
	%xhtml11.dtd;]>
<NewsML Version="1.2">
<Catalog Href="../catalog/catalogYomiuriMasterCatalog.xml" />
<NewsEnvelope>
<SentFrom>
<Party Scheme="NskParty" FormalName="Yomiuri" />
</SentFrom>
<DateAndTime>20150811T212228+0900</DateAndTime>
<NewsService Scheme="YgdistNewsService" FormalName="Ygdist-Full" />
<NewsProduct Scheme="YgdistNewsProduct" FormalName="NewsML:1.2" />
</NewsEnvelope>
<NewsItem>
<Identification>
      <NewsIdentifier>
        <ProviderId>yomiuri.co.jp</ProviderId>
        <DateId>20150811</DateId>
        <NewsItemId>027-OYT1T50085</NewsItemId>
        <RevisionId PreviousRevision="9" Update="N">10</RevisionId>
        <PublicIdentifier>urn:newsml:yomiuri.co.jp:20150811:027-OYT1T50085:10</PublicIdentifier>
      </NewsIdentifier>
    </Identification>
<NewsManagement>
<NewsItemType FormalName="News" Scheme="IptcNewsItemType" />
<FirstCreated>20150811T205449+0900</FirstCreated>
<ThisRevisionCreated>20150811T212228+0900</ThisRevisionCreated>
<Status FormalName="Usable" />
<Instruction Scheme="YgdistInstruction" FormalName="CancelAll">
<RevisionStatus>
<Status FormalName="Canceled" />
</RevisionStatus>
</Instruction>
</NewsManagement>
<NewsComponent xml:lang="ja-JP" Duid="Article.20150811.027-OYT1T50085">
<Role Scheme="YgdistRole" FormalName="Article" />
<NewsLines>
<HeadLine>空から見守って…日航機事故３０年の灯籠流し</HeadLine>
<DateLine>2015-08-11 21:14:00</DateLine>
<CreditLine>読売新聞社</CreditLine>
<CopyrightLine>COPYRIGHT THE YOMIURI SHIMBUN</CopyrightLine>
</NewsLines>
<RightsMetadata>
        <Copyright>
          <CopyrightHolder>読売新聞社</CopyrightHolder>
          <CopyrightDate>2015</CopyrightDate>
        </Copyright>
      </RightsMetadata>
<DescriptiveMetadata>
<Language FormalName="ja" />
<SubjectCode>
<Subject FormalName="11000000" />
</SubjectCode>
</DescriptiveMetadata>
<Metadata>
<MetadataType FormalName="YomiuriNewsManagement" />
<Property FormalName="NewsCategory" Value="Full" />
</Metadata>
<Metadata>
<MetadataType FormalName="YomiuriMediaGenreCode" />
<Property FormalName="YomiuriMediaGenre" Value="社会" />
</Metadata>
<NewsComponent xml:lang="ja-JP" Duid="Article.HeadLine.20150811.027-OYT1T50085">
<Role Scheme="YgdistRole" FormalName="ArticleHeadLine" />
<ContentItem>
<MediaType FormalName="Text" Scheme="IptcMediaTypes" />
<Format FormalName="XHTML" Scheme="IptcFormat" />
<MimeType FormalName="text/xml" Scheme="IptcMimeTypes" />
<DataContent>
<html>
<head>
<title />
</head>
<body>
<p>空から見守って…日航機事故３０年の灯籠流し</p>
</body>
</html>
</DataContent>
</ContentItem>
</NewsComponent>
<NewsComponent xml:lang="ja-JP" Duid="Article.Body.20150811.027-OYT1T50085" Essential="yes">
<Role Scheme="YgdistRole" FormalName="ArticleBody" />
<ContentItem>
<MediaType FormalName="Text" Scheme="IptcMediaTypes" />
<Format FormalName="XHTML" Scheme="IptcFormat" />
<MimeType FormalName="text/xml" Scheme="IptcMimeTypes" />
<DataContent>
<html>
<head>
<title />
</head>
<body>
<p>　乗客乗員５２０人が犠牲になった１９８５年の日航ジャンボ機墜落事故から１２日で３０年を迎える。</p>
<p>　墜落現場の「御巣鷹の尾根」（群馬県上野村）の麓を流れる<ruby>
<rb>神流</rb>
<rp>（</rp>
<rt>かんな</rt>
<rp>）</rp>
</ruby>川で１１日夕、遺族たちが鎮魂の灯籠流しを行った。</p>
<p>　「空から見守っていて下さい」。約３００個の灯籠に鎮魂と安全への願いを書き、墜落時刻の午後６時５６分に合わせて川面に浮かべた。ＪＲ福知山線脱線事故や御嶽山噴火による犠牲者の遺族も訪れ、事故で亡くなった歌手・坂本九さんの「見上げてごらん夜の星を」を合唱した。</p>
<p>　１２日は、午後６時から麓の「慰霊の園」で追悼慰霊式が営まれる。</p>
</body>
</html>
</DataContent>
</ContentItem>
</NewsComponent>
<NewsComponent xml:lang="ja-JP" Duid="Article.RelatedImage1.20150811.027-OYT1T50085">
<Role Scheme="YgdistRole" FormalName="ArticleRelatedImage" />
<NewsItemRef NewsItem="urn:newsml:yomiuri.co.jp:20150811:027-OYT1I50021:6" />
</NewsComponent>
</NewsComponent>
</NewsItem>
</NewsML>
