<?xml version="1.0" encoding="UTF-8"?><!DOCTYPE NewsML SYSTEM "./DTD/NewsMLv1.2.dtd" [<!ENTITY % xhtml11.dtd SYSTEM "./DTD/xhtml11-flat.dtd">
	%xhtml11.dtd;]>
<NewsML Version="1.2">
<Catalog Href="../catalog/catalogYomiuriMasterCatalog.xml" />
<NewsEnvelope>
<SentFrom>
<Party Scheme="NskParty" FormalName="Yomiuri" />
</SentFrom>
<DateAndTime>20150813T092416+0900</DateAndTime>
<NewsService Scheme="YgdistNewsService" FormalName="Ygdist-Full" />
<NewsProduct Scheme="YgdistNewsProduct" FormalName="NewsML:1.2" />
</NewsEnvelope>
<NewsItem>
<Identification>
      <NewsIdentifier>
        <ProviderId>yomiuri.co.jp</ProviderId>
        <DateId>20150813</DateId>
        <NewsItemId>027-OYT1T50035</NewsItemId>
        <RevisionId PreviousRevision="1" Update="N">2</RevisionId>
        <PublicIdentifier>urn:newsml:yomiuri.co.jp:20150813:027-OYT1T50035:2</PublicIdentifier>
      </NewsIdentifier>
    </Identification>
<NewsManagement>
<NewsItemType FormalName="News" Scheme="IptcNewsItemType" />
<FirstCreated>20150813T092416+0900</FirstCreated>
<ThisRevisionCreated>20150813T092416+0900</ThisRevisionCreated>
<Status FormalName="Usable" />
<Instruction Scheme="YgdistInstruction" FormalName="CancelAll">
<RevisionStatus>
<Status FormalName="Canceled" />
</RevisionStatus>
</Instruction>
</NewsManagement>
<NewsComponent xml:lang="ja-JP" Duid="Article.20150813.027-OYT1T50035">
<Role Scheme="YgdistRole" FormalName="Article" />
<NewsLines>
<HeadLine>「爆買い」訪日客の減少懸念…人民元切り下げ</HeadLine>
<DateLine>2015-08-13 09:24:00</DateLine>
<CreditLine>読売新聞社</CreditLine>
<CopyrightLine>COPYRIGHT THE YOMIURI SHIMBUN</CopyrightLine>
</NewsLines>
<RightsMetadata>
        <Copyright>
          <CopyrightHolder>読売新聞社</CopyrightHolder>
          <CopyrightDate>2015</CopyrightDate>
        </Copyright>
      </RightsMetadata>
<DescriptiveMetadata>
<Language FormalName="ja" />
<SubjectCode>
<Subject FormalName="11000000" />
</SubjectCode>
</DescriptiveMetadata>
<Metadata>
<MetadataType FormalName="YomiuriNewsManagement" />
<Property FormalName="NewsCategory" Value="Full" />
</Metadata>
<Metadata>
<MetadataType FormalName="YomiuriMediaGenreCode" />
<Property FormalName="YomiuriMediaGenre" Value="経済" />
</Metadata>
<NewsComponent xml:lang="ja-JP" Duid="Article.HeadLine.20150813.027-OYT1T50035">
<Role Scheme="YgdistRole" FormalName="ArticleHeadLine" />
<ContentItem>
<MediaType FormalName="Text" Scheme="IptcMediaTypes" />
<Format FormalName="XHTML" Scheme="IptcFormat" />
<MimeType FormalName="text/xml" Scheme="IptcMimeTypes" />
<DataContent>
<html>
<head>
<title />
</head>
<body>
<p>「爆買い」訪日客の減少懸念…人民元切り下げ</p>
</body>
</html>
</DataContent>
</ContentItem>
</NewsComponent>
<NewsComponent xml:lang="ja-JP" Duid="Article.Body.20150813.027-OYT1T50035" Essential="yes">
<Role Scheme="YgdistRole" FormalName="ArticleBody" />
<ContentItem>
<MediaType FormalName="Text" Scheme="IptcMediaTypes" />
<Format FormalName="XHTML" Scheme="IptcFormat" />
<MimeType FormalName="text/xml" Scheme="IptcMimeTypes" />
<DataContent>
<html>
<head>
<title />
</head>
<body>
<p>　中国が連日の大幅な人民元切り下げに踏み切ったのは、輸出を増やして国内経済を立て直すためだ。</p>
<p>　世界２位の経済大国である中国経済の減速は、日本をはじめ世界経済に与える影響が大きく、関係者は今後の動向を注視している。</p>
<p>　中国は日本にとって最大の貿易相手国だ。財務省の貿易統計によると、２０１４年度の中国との輸出入の金額は約３２兆６０００億円で、米国との約２１兆９０００億円を大きく上回る。</p>
<p>　中国の景気が悪化すれば、日本から中国への輸出が減る公算が大きい。また、人民元安が進めば、中国に進出する日系企業の円換算した利益が目減りする要因となり、好調が続く日本企業の決算にも水を差す恐れがある。</p>
<p>　ＳＭＢＣ日興証券が１３年度の日本企業の収益をもとに試算したところ、人民元が約２％安くなると、現地法人の経常利益が４４４億円減少するという。業種別では、自動車などの「輸送機械」で１４６億円、商社など「卸売業」で９２億円の減益が見込まれる。</p>
<p>　国内事業が中心の企業への影響も懸念される。</p>
<p>　日本政府観光局によると、今年上半期（１～６月）の訪日外国人は約９１４万人と最高で、２割以上を中国人が占める。中国人による化粧品や家電製品などの「爆買い」が日本経済の一端を支えてきたが、中国経済の悪化や元安で来日客数が減少すれば、家電量販店や百貨店などの業績に影響を与える可能性がある。</p>
</body>
</html>
</DataContent>
</ContentItem>
</NewsComponent>
<NewsComponent xml:lang="ja-JP" Duid="Article.RelatedImage1.20150813.027-OYT1T50035">
<Role Scheme="YgdistRole" FormalName="ArticleRelatedImage" />
<NewsItemRef NewsItem="urn:newsml:yomiuri.co.jp:20150813:027-OYT1I50005:2" />
</NewsComponent>
</NewsComponent>
</NewsItem>
</NewsML>
