<?xml version="1.0" encoding="UTF-8"?><!DOCTYPE NewsML SYSTEM "./DTD/NewsMLv1.2.dtd" [<!ENTITY % xhtml11.dtd SYSTEM "./DTD/xhtml11-flat.dtd">
	%xhtml11.dtd;]>
<NewsML Version="1.2">
<Catalog Href="../catalog/catalogYomiuriMasterCatalog.xml" />
<NewsEnvelope>
<SentFrom>
<Party Scheme="NskParty" FormalName="Yomiuri" />
</SentFrom>
<DateAndTime>20150811T083237+0900</DateAndTime>
<NewsService Scheme="YgdistNewsService" FormalName="Ygdist-Full" />
<NewsProduct Scheme="YgdistNewsProduct" FormalName="NewsML:1.2" />
</NewsEnvelope>
<NewsItem>
<Identification>
      <NewsIdentifier>
        <ProviderId>yomiuri.co.jp</ProviderId>
        <DateId>20150811</DateId>
        <NewsItemId>027-OYT1T50001</NewsItemId>
        <RevisionId PreviousRevision="2" Update="N">3</RevisionId>
        <PublicIdentifier>urn:newsml:yomiuri.co.jp:20150811:027-OYT1T50001:3</PublicIdentifier>
      </NewsIdentifier>
    </Identification>
<NewsManagement>
<NewsItemType FormalName="News" Scheme="IptcNewsItemType" />
<FirstCreated>20150811T083237+0900</FirstCreated>
<ThisRevisionCreated>20150811T083237+0900</ThisRevisionCreated>
<Status FormalName="Usable" />
<Instruction Scheme="YgdistInstruction" FormalName="CancelAll">
<RevisionStatus>
<Status FormalName="Canceled" />
</RevisionStatus>
</Instruction>
</NewsManagement>
<NewsComponent xml:lang="ja-JP" Duid="Article.20150811.027-OYT1T50001">
<Role Scheme="YgdistRole" FormalName="Article" />
<NewsLines>
<HeadLine>与党、埼玉知事選大敗に危機感…国政に影響懸念</HeadLine>
<DateLine>2015-08-11 08:32:00</DateLine>
<CreditLine>読売新聞社</CreditLine>
<CopyrightLine>COPYRIGHT THE YOMIURI SHIMBUN</CopyrightLine>
</NewsLines>
<RightsMetadata>
        <Copyright>
          <CopyrightHolder>読売新聞社</CopyrightHolder>
          <CopyrightDate>2015</CopyrightDate>
        </Copyright>
      </RightsMetadata>
<DescriptiveMetadata>
<Language FormalName="ja" />
<SubjectCode>
<Subject FormalName="11000000" />
</SubjectCode>
</DescriptiveMetadata>
<Metadata>
<MetadataType FormalName="YomiuriNewsManagement" />
<Property FormalName="NewsCategory" Value="Full" />
</Metadata>
<Metadata>
<MetadataType FormalName="YomiuriMediaGenreCode" />
<Property FormalName="YomiuriMediaGenre" Value="政治" />
<Property FormalName="YomiuriMediaGenre2" Value="地方選" />
</Metadata>
<NewsComponent xml:lang="ja-JP" Duid="Article.HeadLine.20150811.027-OYT1T50001">
<Role Scheme="YgdistRole" FormalName="ArticleHeadLine" />
<ContentItem>
<MediaType FormalName="Text" Scheme="IptcMediaTypes" />
<Format FormalName="XHTML" Scheme="IptcFormat" />
<MimeType FormalName="text/xml" Scheme="IptcMimeTypes" />
<DataContent>
<html>
<head>
<title />
</head>
<body>
<p>与党、埼玉知事選大敗に危機感…国政に影響懸念</p>
</body>
</html>
</DataContent>
</ContentItem>
</NewsComponent>
<NewsComponent xml:lang="ja-JP" Duid="Article.Body.20150811.027-OYT1T50001" Essential="yes">
<Role Scheme="YgdistRole" FormalName="ArticleBody" />
<ContentItem>
<MediaType FormalName="Text" Scheme="IptcMediaTypes" />
<Format FormalName="XHTML" Scheme="IptcFormat" />
<MimeType FormalName="text/xml" Scheme="IptcMimeTypes" />
<DataContent>
<html>
<head>
<title />
</head>
<body>
<p>　９日投開票された埼玉県知事選で、民主党県連が支援した現職の上田清司氏（無所属＝維新支持）が自民党県連の推薦候補に大差をつけて４選したことに対し、与党は危機感を募らせている。</p>
<p>　菅官房長官は１０日の記者会見で、「県民が様々な問題の中から、上田氏を選択したのだろう」と述べるにとどめた。ただ、地方選の敗北が国政に影響することを懸念する声が与党から出ている。</p>
<p>　自民党は、昨年以降、沖縄、佐賀両県知事選など首長選での敗北が目立っている。岩手県知事選（２０日告示、９月６日投開票）では、自民、公明両党が支援する平野達男参院議員が７日に立候補を取りやめたばかりだった。埼玉県知事選に関しては、「多選批判が一部にあっても、現職が優勢」との見方があったが、党県連が元総務省消防庁審議官の新人を擁立した。</p>
</body>
</html>
</DataContent>
</ContentItem>
</NewsComponent>
</NewsComponent>
</NewsItem>
</NewsML>
