<?xml version="1.0" encoding="UTF-8"?><!DOCTYPE NewsML SYSTEM "./DTD/NewsMLv1.2.dtd" [<!ENTITY % xhtml11.dtd SYSTEM "./DTD/xhtml11-flat.dtd">
	%xhtml11.dtd;]>
<NewsML Version="1.2">
<Catalog Href="../catalog/catalogYomiuriMasterCatalog.xml" />
<NewsEnvelope>
<SentFrom>
<Party Scheme="NskParty" FormalName="Yomiuri" />
</SentFrom>
<DateAndTime>20150814T220741+0900</DateAndTime>
<NewsService Scheme="YgdistNewsService" FormalName="Ygdist-Full" />
<NewsProduct Scheme="YgdistNewsProduct" FormalName="NewsML:1.2" />
</NewsEnvelope>
<NewsItem>
<Identification>
      <NewsIdentifier>
        <ProviderId>yomiuri.co.jp</ProviderId>
        <DateId>20150814</DateId>
        <NewsItemId>027-OYT1T50111</NewsItemId>
        <RevisionId PreviousRevision="4" Update="N">5</RevisionId>
        <PublicIdentifier>urn:newsml:yomiuri.co.jp:20150814:027-OYT1T50111:5</PublicIdentifier>
      </NewsIdentifier>
    </Identification>
<NewsManagement>
<NewsItemType FormalName="News" Scheme="IptcNewsItemType" />
<FirstCreated>20150814T204325+0900</FirstCreated>
<ThisRevisionCreated>20150814T220741+0900</ThisRevisionCreated>
<Status FormalName="Usable" />
<Instruction Scheme="YgdistInstruction" FormalName="CancelAll">
<RevisionStatus>
<Status FormalName="Canceled" />
</RevisionStatus>
</Instruction>
</NewsManagement>
<NewsComponent xml:lang="ja-JP" Duid="Article.20150814.027-OYT1T50111">
<Role Scheme="YgdistRole" FormalName="Article" />
<NewsLines>
<HeadLine>多摩信金職員ら、昭島市の商品券でも事前購入</HeadLine>
<DateLine>2015-08-14 20:43:00</DateLine>
<CreditLine>読売新聞社</CreditLine>
<CopyrightLine>COPYRIGHT THE YOMIURI SHIMBUN</CopyrightLine>
</NewsLines>
<RightsMetadata>
        <Copyright>
          <CopyrightHolder>読売新聞社</CopyrightHolder>
          <CopyrightDate>2015</CopyrightDate>
        </Copyright>
      </RightsMetadata>
<DescriptiveMetadata>
<Language FormalName="ja" />
<SubjectCode>
<Subject FormalName="11000000" />
</SubjectCode>
</DescriptiveMetadata>
<Metadata>
<MetadataType FormalName="YomiuriNewsManagement" />
<Property FormalName="NewsCategory" Value="Full" />
</Metadata>
<Metadata>
<MetadataType FormalName="YomiuriMediaGenreCode" />
<Property FormalName="YomiuriMediaGenre" Value="社会" />
</Metadata>
<NewsComponent xml:lang="ja-JP" Duid="Article.HeadLine.20150814.027-OYT1T50111">
<Role Scheme="YgdistRole" FormalName="ArticleHeadLine" />
<ContentItem>
<MediaType FormalName="Text" Scheme="IptcMediaTypes" />
<Format FormalName="XHTML" Scheme="IptcFormat" />
<MimeType FormalName="text/xml" Scheme="IptcMimeTypes" />
<DataContent>
<html>
<head>
<title />
</head>
<body>
<p>多摩信金職員ら、昭島市の商品券でも事前購入</p>
</body>
</html>
</DataContent>
</ContentItem>
</NewsComponent>
<NewsComponent xml:lang="ja-JP" Duid="Article.Body.20150814.027-OYT1T50111" Essential="yes">
<Role Scheme="YgdistRole" FormalName="ArticleBody" />
<ContentItem>
<MediaType FormalName="Text" Scheme="IptcMediaTypes" />
<Format FormalName="XHTML" Scheme="IptcFormat" />
<MimeType FormalName="text/xml" Scheme="IptcMimeTypes" />
<DataContent>
<html>
<head>
<title />
</head>
<body>
<p>　東京都八王子市が発行したプレミアム付き商品券の販売を委託されていた多摩信用金庫（立川市）の支店職員が商品券を事前購入していた問題で、新たに昭島市発行の商品券でも９６万円分が正規には販売されず、職員らが事前に購入していたことが明らかになった。</p>
<p>　同市の商品券は１冊１万円で２０％分のプレミアムが付き、７月に３万冊を完売した。同信金は４７５０冊の販売を委託され、職員らが９６冊を事前に購入した。</p>
<p>　八王子市の商品券でも、新たに６１冊（１冊５０００円、３０万５０００円分）の事前購入が判明。同市分で正規に販売されなかったのは計３６３冊になった。</p>
<p>　同信金によると、職員が顧客らの依頼を受けて取り置いたり、自分で使うために事前購入したりし、支店長や副支店長ら支店幹部も関わっていた。同信金では会長や理事長の報酬全額返上（１か月）などの処分を決め、関わった職員らを今後処分する。</p>
</body>
</html>
</DataContent>
</ContentItem>
</NewsComponent>
</NewsComponent>
</NewsItem>
</NewsML>
