<?xml version="1.0" encoding="UTF-8"?><!DOCTYPE NewsML SYSTEM "./DTD/NewsMLv1.2.dtd" [<!ENTITY % xhtml11.dtd SYSTEM "./DTD/xhtml11-flat.dtd">
	%xhtml11.dtd;]>
<NewsML Version="1.2">
<Catalog Href="../catalog/catalogYomiuriMasterCatalog.xml" />
<NewsEnvelope>
<SentFrom>
<Party Scheme="NskParty" FormalName="Yomiuri" />
</SentFrom>
<DateAndTime>20150810T010222+0900</DateAndTime>
<NewsService Scheme="YgdistNewsService" FormalName="Ygdist-Full" />
<NewsProduct Scheme="YgdistNewsProduct" FormalName="NewsML:1.2" />
</NewsEnvelope>
<NewsItem>
<Identification>
      <NewsIdentifier>
        <ProviderId>yomiuri.co.jp</ProviderId>
        <DateId>20150810</DateId>
        <NewsItemId>027-OYT1T50008</NewsItemId>
        <RevisionId PreviousRevision="5" Update="N">6</RevisionId>
        <PublicIdentifier>urn:newsml:yomiuri.co.jp:20150810:027-OYT1T50008:6</PublicIdentifier>
      </NewsIdentifier>
    </Identification>
<NewsManagement>
<NewsItemType FormalName="News" Scheme="IptcNewsItemType" />
<FirstCreated>20150810T010222+0900</FirstCreated>
<ThisRevisionCreated>20150810T010222+0900</ThisRevisionCreated>
<Status FormalName="Usable" />
<Instruction Scheme="YgdistInstruction" FormalName="CancelAll">
<RevisionStatus>
<Status FormalName="Canceled" />
</RevisionStatus>
</Instruction>
</NewsManagement>
<NewsComponent xml:lang="ja-JP" Duid="Article.20150810.027-OYT1T50008">
<Role Scheme="YgdistRole" FormalName="Article" />
<NewsLines>
<HeadLine>長崎平和宣言全文</HeadLine>
<DateLine>2015-08-10 01:02:00</DateLine>
<CreditLine>読売新聞社</CreditLine>
<CopyrightLine>COPYRIGHT THE YOMIURI SHIMBUN</CopyrightLine>
</NewsLines>
<RightsMetadata>
        <Copyright>
          <CopyrightHolder>読売新聞社</CopyrightHolder>
          <CopyrightDate>2015</CopyrightDate>
        </Copyright>
      </RightsMetadata>
<DescriptiveMetadata>
<Language FormalName="ja" />
<SubjectCode>
<Subject FormalName="11000000" />
</SubjectCode>
</DescriptiveMetadata>
<Metadata>
<MetadataType FormalName="YomiuriNewsManagement" />
<Property FormalName="NewsCategory" Value="Full" />
</Metadata>
<Metadata>
<MetadataType FormalName="YomiuriMediaGenreCode" />
<Property FormalName="YomiuriMediaGenre" Value="社会" />
</Metadata>
<NewsComponent xml:lang="ja-JP" Duid="Article.HeadLine.20150810.027-OYT1T50008">
<Role Scheme="YgdistRole" FormalName="ArticleHeadLine" />
<ContentItem>
<MediaType FormalName="Text" Scheme="IptcMediaTypes" />
<Format FormalName="XHTML" Scheme="IptcFormat" />
<MimeType FormalName="text/xml" Scheme="IptcMimeTypes" />
<DataContent>
<html>
<head>
<title />
</head>
<body>
<p>長崎平和宣言全文</p>
</body>
</html>
</DataContent>
</ContentItem>
</NewsComponent>
<NewsComponent xml:lang="ja-JP" Duid="Article.Body.20150810.027-OYT1T50008" Essential="yes">
<Role Scheme="YgdistRole" FormalName="ArticleBody" />
<ContentItem>
<MediaType FormalName="Text" Scheme="IptcMediaTypes" />
<Format FormalName="XHTML" Scheme="IptcFormat" />
<MimeType FormalName="text/xml" Scheme="IptcMimeTypes" />
<DataContent>
<html>
<head>
<title />
</head>
<body>
<p>　昭和２０年８月９日午前１１時２分、一発の原子爆弾により、長崎の街は一瞬で廃虚と化しました。</p>
<p>　大量の放射線が人々の体をつらぬき、想像を絶する熱線と爆風が街を襲いました。２４万人の市民のうち、７万４０００人が亡くなり、７万５０００人が傷つきました。７０年は草木も生えない、といわれた廃虚の浦上の丘は今、こうして緑に囲まれています。しかし、放射線に体を蝕（むしば）まれ、後障害に苦しみ続けている被爆者は、あの日のことを１日たりとも忘れることはできません。</p>
<p>　原子爆弾は戦争の中で生まれました。そして、戦争の中で使われました。</p>
<p>　原子爆弾の凄（すさ）まじい破壊力を身をもって知った被爆者は、核兵器は存在してはならない、そして二度と戦争をしてはならないと深く、強く、心に刻みました。日本国憲法における平和の理念は、こうしたつらく厳しい経験と戦争の反省の中から生まれ、戦後、我が国は平和国家としての道を歩んできました。長崎にとっても、日本にとっても、戦争をしないという平和の理念は永久に変えてはならない原点です。</p>
<p>　今、戦後に生まれた世代が国民の多くを占めるようになり、戦争の記憶が私たちの社会から急速に失われつつあります。長崎や広島の被爆体験だけでなく、東京をはじめ多くの街を破壊した空襲、沖縄戦、そしてアジアの多くの人々を苦しめた悲惨な戦争の記憶を忘れてはなりません。</p>
<p>　７０年を経た今、私たちに必要なことは、その記憶を語り継いでいくことです。</p>
<p>　原爆や戦争を体験した日本、そして世界の皆さん、記憶を風化させないためにも、その経験を語ってください。</p>
<p>　若い世代の皆さん、過去の話だと切り捨てずに、未来のあなたの身に起こるかもしれない話だからこそ伝えようとする、平和への思いをしっかりと受け止めてください。「私だったらどうするだろう」と想像してみてください。そして、「平和のために、私にできることは何だろう」と考えてみてください。若い世代の皆さんは、国境を越えて新しい関係を築いていく力を持っています。</p>
<p>　世界の皆さん、戦争と核兵器のない世界を実現するための最も大きな力は私たち一人ひとりの中にあります。戦争の話に耳を傾け、核兵器廃絶の署名に賛同し、原爆展に足を運ぶといった一人ひとりの活動も、集まれば大きな力になります。長崎では、被爆２世、３世をはじめ、次の世代が思いを受け継ぎ、動き始めています。</p>
<p>　私たち一人ひとりの力こそが、戦争と核兵器のない世界を実現する最大の力です。市民社会の力は、政府を動かし、世界を動かす力なのです。</p>
<p>　今年５月、核不拡散条約（ＮＰＴ）再検討会議は、最終文書を採択できないまま閉幕しました。しかし、最終文書案には、核兵器を禁止しようとする国々の努力により、核軍縮について一歩踏み込んだ内容も盛り込むことができました。</p>
<p>　ＮＰＴ加盟国の首脳に訴えます。</p>
<p>　今回の再検討会議を決して無駄にしないでください。国連総会などあらゆる機会に、核兵器禁止条約など法的枠組みを議論する努力を続けてください。</p>
<p>　また、会議では被爆地訪問の重要性が、多くの国々に共有されました。</p>
<p>　改めて、長崎から呼びかけます。</p>
<p>　オバマ大統領、核保有国をはじめ各国首脳の皆さん、世界中の皆さん、７０年前、原子雲の下で何があったのか、長崎や広島を訪れて確かめてください。被爆者が、単なる被害者としてではなく、“人類の一員”として、今も懸命に伝えようとしていることを感じとってください。</p>
<p>　日本政府に訴えます。</p>
<p>　国の安全保障は、核抑止力に頼らない方法を検討してください。アメリカ、日本、韓国、中国など多くの国の研究者が提案しているように、北東アジア非核兵器地帯の設立によって、それは可能です。未来を見据え、“核の傘”から“非核の傘”への転換について、ぜひ検討してください。</p>
<p>　この夏、長崎では世界の１２２の国や地域の子どもたちが、平和について考え、話し合う、「世界こども平和会議」を開きました。</p>
<p>　１１月には、長崎で初めての「パグウォッシュ会議世界大会」が開かれます。核兵器の恐ろしさを知ったアインシュタインの訴えから始まったこの会議には、世界の科学者が集まり、核兵器の問題を語り合い、平和のメッセージを長崎から世界に発信します。</p>
<p>　「ピース・フロム・ナガサキ」。平和は長崎から。私たちはこの言葉を大切に守りながら、平和の種をまき続けます。</p>
<p>　また、東日本大震災から４年が過ぎても、原発事故の影響で苦しんでいる福島の皆さんを、長崎はこれからも応援し続けます。</p>
<p>　現在、国会では、国の安全保障のあり方を決める法案の審議が行われています。７０年前に心に刻んだ誓いが、日本国憲法の平和の理念が、今揺らいでいるのではないかという不安と懸念が広がっています。政府と国会には、この不安と懸念の声に耳を傾け、英知を結集し、慎重で真摯（しんし）な審議を行うことを求めます。</p>
<p>　被爆者の平均年齢は今年８０歳を超えました。日本政府には、国の責任において、被爆者の実態に即した援護の充実と被爆体験者が生きているうちの被爆地域拡大を強く要望します。</p>
<p>　原子爆弾により亡くなられた方々に追悼の意をささげ、私たち長崎市民は広島とともに、核兵器のない世界と平和の実現に向けて、全力を尽くし続けることを、ここに宣言します。</p>
<p>２０１５年（平成２７年）８月９日</p>
<p>長崎市長　田上富久</p>
</body>
</html>
</DataContent>
</ContentItem>
</NewsComponent>
</NewsComponent>
</NewsItem>
</NewsML>
