<?xml version="1.0" encoding="UTF-8"?><!DOCTYPE NewsML SYSTEM "./DTD/NewsMLv1.2.dtd" [<!ENTITY % xhtml11.dtd SYSTEM "./DTD/xhtml11-flat.dtd">
	%xhtml11.dtd;]>
<NewsML Version="1.2">
<Catalog Href="../catalog/catalogYomiuriMasterCatalog.xml" />
<NewsEnvelope>
<SentFrom>
<Party Scheme="NskParty" FormalName="Yomiuri" />
</SentFrom>
<DateAndTime>20150810T010222+0900</DateAndTime>
<NewsService Scheme="YgdistNewsService" FormalName="Ygdist-Full" />
<NewsProduct Scheme="YgdistNewsProduct" FormalName="NewsML:1.2" />
</NewsEnvelope>
<NewsItem>
<Identification>
      <NewsIdentifier>
        <ProviderId>yomiuri.co.jp</ProviderId>
        <DateId>20150810</DateId>
        <NewsItemId>027-OYT1T50010</NewsItemId>
        <RevisionId PreviousRevision="1" Update="N">2</RevisionId>
        <PublicIdentifier>urn:newsml:yomiuri.co.jp:20150810:027-OYT1T50010:2</PublicIdentifier>
      </NewsIdentifier>
    </Identification>
<NewsManagement>
<NewsItemType FormalName="News" Scheme="IptcNewsItemType" />
<FirstCreated>20150810T010222+0900</FirstCreated>
<ThisRevisionCreated>20150810T010222+0900</ThisRevisionCreated>
<Status FormalName="Usable" />
<Instruction Scheme="YgdistInstruction" FormalName="CancelAll">
<RevisionStatus>
<Status FormalName="Canceled" />
</RevisionStatus>
</Instruction>
</NewsManagement>
<NewsComponent xml:lang="ja-JP" Duid="Article.20150810.027-OYT1T50010">
<Role Scheme="YgdistRole" FormalName="Article" />
<NewsLines>
<HeadLine>首相あいさつ全文</HeadLine>
<DateLine>2015-08-10 01:02:00</DateLine>
<CreditLine>読売新聞社</CreditLine>
<CopyrightLine>COPYRIGHT THE YOMIURI SHIMBUN</CopyrightLine>
</NewsLines>
<RightsMetadata>
        <Copyright>
          <CopyrightHolder>読売新聞社</CopyrightHolder>
          <CopyrightDate>2015</CopyrightDate>
        </Copyright>
      </RightsMetadata>
<DescriptiveMetadata>
<Language FormalName="ja" />
<SubjectCode>
<Subject FormalName="11000000" />
</SubjectCode>
</DescriptiveMetadata>
<Metadata>
<MetadataType FormalName="YomiuriNewsManagement" />
<Property FormalName="NewsCategory" Value="Full" />
</Metadata>
<Metadata>
<MetadataType FormalName="YomiuriMediaGenreCode" />
<Property FormalName="YomiuriMediaGenre" Value="政治" />
</Metadata>
<NewsComponent xml:lang="ja-JP" Duid="Article.HeadLine.20150810.027-OYT1T50010">
<Role Scheme="YgdistRole" FormalName="ArticleHeadLine" />
<ContentItem>
<MediaType FormalName="Text" Scheme="IptcMediaTypes" />
<Format FormalName="XHTML" Scheme="IptcFormat" />
<MimeType FormalName="text/xml" Scheme="IptcMimeTypes" />
<DataContent>
<html>
<head>
<title />
</head>
<body>
<p>首相あいさつ全文</p>
</body>
</html>
</DataContent>
</ContentItem>
</NewsComponent>
<NewsComponent xml:lang="ja-JP" Duid="Article.Body.20150810.027-OYT1T50010" Essential="yes">
<Role Scheme="YgdistRole" FormalName="ArticleBody" />
<ContentItem>
<MediaType FormalName="Text" Scheme="IptcMediaTypes" />
<Format FormalName="XHTML" Scheme="IptcFormat" />
<MimeType FormalName="text/xml" Scheme="IptcMimeTypes" />
<DataContent>
<html>
<head>
<title />
</head>
<body>
<p>　本日ここに、被爆７０周年長崎原爆犠牲者慰霊平和祈念式典が執り行われるに当たり、原子爆弾の犠牲となられた数多くの方々の御霊（みたま）に対し、謹んで、哀悼の誠をささげます。</p>
<p>　そして、被爆による後遺症に、今なお苦しんでおられる方々に対し、衷心よりお見舞いを申し上げます。</p>
<p>　あの日投下された原子爆弾により、長崎の地が、草木もない焦土と化してから７０年が経（た）ちました。当時、７万ともいわれる、あまたの貴い命が奪われました。惨禍の中、生きながらえた方々にも、筆舌に尽くしがたい苦難の生活をもたらしました。</p>
<p>　しかし、苦境の中から力強く立ち上がられた市民の皆様によって、世界文化遺産と美しい自然に恵まれた国際文化都市が、見事に築き上げられました。</p>
<p>　今日の復興をなし遂げた長崎の街を見渡すとき、改めて平和の尊さを噛（か）みしめています。そして、世界で唯一の戦争被爆国として、非核三原則を堅持しつつ、「核兵器のない世界」の実現に向けて、国際社会の核軍縮の取り組みを主導していく決意を新たにいたしました。</p>
<p>　特に本年は、被爆７０年という節目の年です。核兵器不拡散条約運用検討会議では、残念ながら最終合意には至りませんでしたが、我が国としては、核兵器国と非核兵器国、双方の協力を引き続き求めつつ、「核兵器のない世界」の実現に向けて、一層の努力を積み重ねていく決意です。この決意を表明するため、本年秋の国連総会に新たな核兵器廃絶決議案を提出いたします。</p>
<p>　８月末に広島で開催される包括的核実験禁止条約賢人グループ会合並びに国連軍縮会議に続き、１１月には、パグウォッシュ会議がここ長崎で開催されます。更に来年には、Ｇ７外相会合が広島で開催されます。これらの国際会議を通じ、被爆地から我々の思いを、国際社会に力強く発信いたします。また、世界の指導者や若者が被爆の悲惨な現実に直（じか）に触れることを通じ、「核兵器のない世界」の実現に向けた取り組みを前に進めてまいります。</p>
<p>　今年、被爆者の方々の平均年齢が、はじめて８０歳を超えました。高齢化する被爆者の方々に支援を行うために制定された「原子爆弾被爆者に対する援護に関する法律」も、施行から２０年を迎えました。引き続き、保健、医療、福祉にわたる総合的な援護施策を、しっかりと進めてまいります。</p>
<p>　特に、原爆症の認定につきましては、申請された方々の心情を思い、一日も早く認定がなされるよう、審査を急いでまいります。</p>
<p>　結びに、亡くなられた方々のご冥福と、ご遺族並びに被爆者の皆様のご多幸をお祈り申し上げるとともに、参列者並びに長崎市民の皆様のご平安を祈念いたしまして、私のご挨拶といたします。</p>
<p>　平成２７年８月９日</p>
<p>　内閣総理大臣　安倍晋三</p>
</body>
</html>
</DataContent>
</ContentItem>
</NewsComponent>
</NewsComponent>
</NewsItem>
</NewsML>
