<?xml version="1.0" encoding="UTF-8"?><!DOCTYPE NewsML SYSTEM "./DTD/NewsMLv1.2.dtd" [<!ENTITY % xhtml11.dtd SYSTEM "./DTD/xhtml11-flat.dtd">
	%xhtml11.dtd;]>
<NewsML Version="1.2">
<Catalog Href="../catalog/catalogYomiuriMasterCatalog.xml" />
<NewsEnvelope>
<SentFrom>
<Party Scheme="NskParty" FormalName="Yomiuri" />
</SentFrom>
<DateAndTime>20150815T084708+0900</DateAndTime>
<NewsService Scheme="YgdistNewsService" FormalName="Ygdist-Full" />
<NewsProduct Scheme="YgdistNewsProduct" FormalName="NewsML:1.2" />
</NewsEnvelope>
<NewsItem>
<Identification>
      <NewsIdentifier>
        <ProviderId>yomiuri.co.jp</ProviderId>
        <DateId>20150814</DateId>
        <NewsItemId>027-OYT1T50129</NewsItemId>
        <RevisionId PreviousRevision="4" Update="N">5</RevisionId>
        <PublicIdentifier>urn:newsml:yomiuri.co.jp:20150814:027-OYT1T50129:5</PublicIdentifier>
      </NewsIdentifier>
    </Identification>
<NewsManagement>
<NewsItemType FormalName="News" Scheme="IptcNewsItemType" />
<FirstCreated>20150815T084708+0900</FirstCreated>
<ThisRevisionCreated>20150815T084708+0900</ThisRevisionCreated>
<Status FormalName="Usable" />
<Instruction Scheme="YgdistInstruction" FormalName="CancelAll">
<RevisionStatus>
<Status FormalName="Canceled" />
</RevisionStatus>
</Instruction>
</NewsManagement>
<NewsComponent xml:lang="ja-JP" Duid="Article.20150814.027-OYT1T50129">
<Role Scheme="YgdistRole" FormalName="Article" />
<NewsLines>
<HeadLine>首相談話、維新など評価…民主・共産説明要求へ</HeadLine>
<DateLine>2015-08-15 08:46:00</DateLine>
<CreditLine>読売新聞社</CreditLine>
<CopyrightLine>COPYRIGHT THE YOMIURI SHIMBUN</CopyrightLine>
</NewsLines>
<RightsMetadata>
        <Copyright>
          <CopyrightHolder>読売新聞社</CopyrightHolder>
          <CopyrightDate>2015</CopyrightDate>
        </Copyright>
      </RightsMetadata>
<DescriptiveMetadata>
<Language FormalName="ja" />
<SubjectCode>
<Subject FormalName="11000000" />
</SubjectCode>
</DescriptiveMetadata>
<Metadata>
<MetadataType FormalName="YomiuriNewsManagement" />
<Property FormalName="NewsCategory" Value="Full" />
</Metadata>
<Metadata>
<MetadataType FormalName="YomiuriMediaGenreCode" />
<Property FormalName="YomiuriMediaGenre" Value="政治" />
</Metadata>
<NewsComponent xml:lang="ja-JP" Duid="Article.HeadLine.20150814.027-OYT1T50129">
<Role Scheme="YgdistRole" FormalName="ArticleHeadLine" />
<ContentItem>
<MediaType FormalName="Text" Scheme="IptcMediaTypes" />
<Format FormalName="XHTML" Scheme="IptcFormat" />
<MimeType FormalName="text/xml" Scheme="IptcMimeTypes" />
<DataContent>
<html>
<head>
<title />
</head>
<body>
<p>首相談話、維新など評価…民主・共産説明要求へ</p>
</body>
</html>
</DataContent>
</ContentItem>
</NewsComponent>
<NewsComponent xml:lang="ja-JP" Duid="Article.Body.20150814.027-OYT1T50129" Essential="yes">
<Role Scheme="YgdistRole" FormalName="ArticleBody" />
<ContentItem>
<MediaType FormalName="Text" Scheme="IptcMediaTypes" />
<Format FormalName="XHTML" Scheme="IptcFormat" />
<MimeType FormalName="text/xml" Scheme="IptcMimeTypes" />
<DataContent>
<html>
<head>
<title />
</head>
<body>
<p>　政府が１４日閣議決定した安倍首相談話については、与党だけでなく、野党の一部からも評価する声が出ている。</p>
<p>　民主党や共産党は「反省やおわびについての首相の認識が明確ではない」などとして、国会で首相に説明を求める構えだ。</p>
<p>　自民党の谷垣幹事長は談話について、「先の大戦の失敗と、戦後、努力してきた成果を分析した上で、今後の我が国が取るべき方向性を示した、非常にバランスの取れた談話だ」とするコメントを発表、公明党の山口代表は、党本部で記者団に「侵略あるいは事変、戦争など区別せず、いかなる武力の行使や威嚇も二度と繰り返してはならないという誓いを述べていることは明確だ」と述べて評価する考えを示した。</p>
<p>　民主党の岡田代表は国会内で記者団に、談話に「おわび」や「侵略」などの文言が盛り込まれたことについて、「専門家や歴史家の議論を踏まえたものになっている」としたものの、「日本のことを言っているのか、一般論として言っているのか定かではない。首相がどう考えているのかは伝わってこない」と指摘した。同党は週明け以降、首相に真意をただす方針だ。</p>
<p>　共産党の志位委員長は「反省とおわびは歴代政権が表明した事実に言及しただけで、自らの言葉として述べていない」と批判、社民党の吉田党首は「『侵略』や『おわび』が首相本人の言葉として語られていない。村山談話よりも大きく後退していると言わざるを得ない」と語った。生活の党の小沢共同代表は、盛岡市内で記者団に、「歴代内閣の立場を踏襲しているとは全く感じられない。戦前の行動を全て肯定するかのような本音が、垣間見える」と語った。</p>
<p>　一方、維新の党の柿沢幹事長は都内で記者団に、「バランスの取れた、未来志向という言葉にかなった評価出来る内容だ」と談話を歓迎する意向を表明し、次世代の党の平沼党首は「未来志向の内容や、次の世代に謝罪を続ける宿命を背負わせてはならないと発言したことは評価する。戦争の反省は重要だが、おわびはもうやめるべきだ」とのコメントを発表した。</p>
</body>
</html>
</DataContent>
</ContentItem>
</NewsComponent>
</NewsComponent>
</NewsItem>
</NewsML>
