<?xml version="1.0" encoding="UTF-8"?><!DOCTYPE NewsML SYSTEM "./DTD/NewsMLv1.2.dtd" [<!ENTITY % xhtml11.dtd SYSTEM "./DTD/xhtml11-flat.dtd">
	%xhtml11.dtd;]>
<NewsML Version="1.2">
<Catalog Href="../catalog/catalogYomiuriMasterCatalog.xml" />
<NewsEnvelope>
<SentFrom>
<Party Scheme="NskParty" FormalName="Yomiuri" />
</SentFrom>
<DateAndTime>20150810T183831+0900</DateAndTime>
<NewsService Scheme="YgdistNewsService" FormalName="Ygdist-Full" />
<NewsProduct Scheme="YgdistNewsProduct" FormalName="NewsML:1.2" />
</NewsEnvelope>
<NewsItem>
<Identification>
      <NewsIdentifier>
        <ProviderId>yomiuri.co.jp</ProviderId>
        <DateId>20150810</DateId>
        <NewsItemId>027-OYT1T50084</NewsItemId>
        <RevisionId PreviousRevision="4" Update="N">5</RevisionId>
        <PublicIdentifier>urn:newsml:yomiuri.co.jp:20150810:027-OYT1T50084:5</PublicIdentifier>
      </NewsIdentifier>
    </Identification>
<NewsManagement>
<NewsItemType FormalName="News" Scheme="IptcNewsItemType" />
<FirstCreated>20150810T175658+0900</FirstCreated>
<ThisRevisionCreated>20150810T183831+0900</ThisRevisionCreated>
<Status FormalName="Usable" />
<Instruction Scheme="YgdistInstruction" FormalName="CancelAll">
<RevisionStatus>
<Status FormalName="Canceled" />
</RevisionStatus>
</Instruction>
</NewsManagement>
<NewsComponent xml:lang="ja-JP" Duid="Article.20150810.027-OYT1T50084">
<Role Scheme="YgdistRole" FormalName="Article" />
<NewsLines>
<HeadLine>東京円２８銭高、１ドル＝１２４円５０～５２銭</HeadLine>
<DateLine>2015-08-10 18:37:00</DateLine>
<CreditLine>読売新聞社</CreditLine>
<CopyrightLine>COPYRIGHT THE YOMIURI SHIMBUN</CopyrightLine>
</NewsLines>
<RightsMetadata>
        <Copyright>
          <CopyrightHolder>読売新聞社</CopyrightHolder>
          <CopyrightDate>2015</CopyrightDate>
        </Copyright>
      </RightsMetadata>
<DescriptiveMetadata>
<Language FormalName="ja" />
<SubjectCode>
<Subject FormalName="11000000" />
</SubjectCode>
</DescriptiveMetadata>
<Metadata>
<MetadataType FormalName="YomiuriNewsManagement" />
<Property FormalName="NewsCategory" Value="Full" />
</Metadata>
<Metadata>
<MetadataType FormalName="YomiuriMediaGenreCode" />
<Property FormalName="YomiuriMediaGenre" Value="経済" />
</Metadata>
<NewsComponent xml:lang="ja-JP" Duid="Article.HeadLine.20150810.027-OYT1T50084">
<Role Scheme="YgdistRole" FormalName="ArticleHeadLine" />
<ContentItem>
<MediaType FormalName="Text" Scheme="IptcMediaTypes" />
<Format FormalName="XHTML" Scheme="IptcFormat" />
<MimeType FormalName="text/xml" Scheme="IptcMimeTypes" />
<DataContent>
<html>
<head>
<title />
</head>
<body>
<p>東京円２８銭高、１ドル＝１２４円５０～５２銭</p>
</body>
</html>
</DataContent>
</ContentItem>
</NewsComponent>
<NewsComponent xml:lang="ja-JP" Duid="Article.Body.20150810.027-OYT1T50084" Essential="yes">
<Role Scheme="YgdistRole" FormalName="ArticleBody" />
<ContentItem>
<MediaType FormalName="Text" Scheme="IptcMediaTypes" />
<Format FormalName="XHTML" Scheme="IptcFormat" />
<MimeType FormalName="text/xml" Scheme="IptcMimeTypes" />
<DataContent>
<html>
<head>
<title />
</head>
<body>
<p>　１０日の東京外国為替市場の円相場は午後５時、前週末（午後５時）比２８銭円高・ドル安の１ドル＝１２４円５０～５２銭で大方の取引を終えた。</p>
<p>　対ユーロでは、同０６銭円高・ユーロ安の１ユーロ＝１３６円４４～４８銭で大方の取引を終えた。</p>
<p>　１０日の東京外国為替市場の円相場は午後５時、前週末（午後５時）比２８銭円高・ドル安の１ドル＝１２４円５０～５２銭で大方の取引を終えた。</p>
<p>　前週末に発表された米雇用統計が市場の予想を下回ったことなどから、米国の長期金利が低下し、日米の金利差縮小を見据えた円買い・ドル売りが先行した。</p>
<p>　対ユーロでは、同０６銭円高・ユーロ安の１ユーロ＝１３６円４４～４８銭で大方の取引を終えた。</p>
</body>
</html>
</DataContent>
</ContentItem>
</NewsComponent>
</NewsComponent>
</NewsItem>
</NewsML>
