<?xml version="1.0" encoding="UTF-8"?><!DOCTYPE NewsML SYSTEM "./DTD/NewsMLv1.2.dtd" [<!ENTITY % xhtml11.dtd SYSTEM "./DTD/xhtml11-flat.dtd">
	%xhtml11.dtd;]>
<NewsML Version="1.2">
<Catalog Href="../catalog/catalogYomiuriMasterCatalog.xml" />
<NewsEnvelope>
<SentFrom>
<Party Scheme="NskParty" FormalName="Yomiuri" />
</SentFrom>
<DateAndTime>20150815T010753+0900</DateAndTime>
<NewsService Scheme="YgdistNewsService" FormalName="Ygdist-Full" />
<NewsProduct Scheme="YgdistNewsProduct" FormalName="NewsML:1.2" />
</NewsEnvelope>
<NewsItem>
<Identification>
      <NewsIdentifier>
        <ProviderId>yomiuri.co.jp</ProviderId>
        <DateId>20150814</DateId>
        <NewsItemId>027-OYT1T50125</NewsItemId>
        <RevisionId PreviousRevision="5" Update="N">6</RevisionId>
        <PublicIdentifier>urn:newsml:yomiuri.co.jp:20150814:027-OYT1T50125:6</PublicIdentifier>
      </NewsIdentifier>
    </Identification>
<NewsManagement>
<NewsItemType FormalName="News" Scheme="IptcNewsItemType" />
<FirstCreated>20150814T232416+0900</FirstCreated>
<ThisRevisionCreated>20150815T010753+0900</ThisRevisionCreated>
<Status FormalName="Usable" />
<Instruction Scheme="YgdistInstruction" FormalName="CancelAll">
<RevisionStatus>
<Status FormalName="Canceled" />
</RevisionStatus>
</Instruction>
</NewsManagement>
<NewsComponent xml:lang="ja-JP" Duid="Article.20150814.027-OYT1T50125">
<Role Scheme="YgdistRole" FormalName="Article" />
<NewsLines>
<HeadLine>中国「直接のおわび回避」、韓国「誠意がない」</HeadLine>
<DateLine>2015-08-15 01:05:00</DateLine>
<CreditLine>読売新聞社</CreditLine>
<CopyrightLine>COPYRIGHT THE YOMIURI SHIMBUN</CopyrightLine>
</NewsLines>
<RightsMetadata>
        <Copyright>
          <CopyrightHolder>読売新聞社</CopyrightHolder>
          <CopyrightDate>2015</CopyrightDate>
        </Copyright>
      </RightsMetadata>
<DescriptiveMetadata>
<Language FormalName="ja" />
<SubjectCode>
<Subject FormalName="11000000" />
</SubjectCode>
</DescriptiveMetadata>
<Metadata>
<MetadataType FormalName="YomiuriNewsManagement" />
<Property FormalName="NewsCategory" Value="Full" />
</Metadata>
<Metadata>
<MetadataType FormalName="YomiuriMediaGenreCode" />
<Property FormalName="YomiuriMediaGenre" Value="国際" />
</Metadata>
<NewsComponent xml:lang="ja-JP" Duid="Article.HeadLine.20150814.027-OYT1T50125">
<Role Scheme="YgdistRole" FormalName="ArticleHeadLine" />
<ContentItem>
<MediaType FormalName="Text" Scheme="IptcMediaTypes" />
<Format FormalName="XHTML" Scheme="IptcFormat" />
<MimeType FormalName="text/xml" Scheme="IptcMimeTypes" />
<DataContent>
<html>
<head>
<title />
</head>
<body>
<p>中国「直接のおわび回避」、韓国「誠意がない」</p>
</body>
</html>
</DataContent>
</ContentItem>
</NewsComponent>
<NewsComponent xml:lang="ja-JP" Duid="Article.Body.20150814.027-OYT1T50125" Essential="yes">
<Role Scheme="YgdistRole" FormalName="ArticleBody" />
<ContentItem>
<MediaType FormalName="Text" Scheme="IptcMediaTypes" />
<Format FormalName="XHTML" Scheme="IptcFormat" />
<MimeType FormalName="text/xml" Scheme="IptcMimeTypes" />
<DataContent>
<html>
<head>
<title />
</head>
<body>
<p>　【北京＝五十嵐文、ソウル＝宮崎健雄】中国外務省は１４日、同省の<ruby>
<rb>張業遂</rb>
<rp>（</rp>
<rt>ジャンイエスイ</rt>
<rp>）</rp>
</ruby>次官が木寺昌人中国大使に対し、安倍首相の談話に関して中国の「厳正な立場」を表明したとウェブサイトで発表した。</p>
<p>　同省の<ruby>
<rb>華春瑩</rb>
<rp>（</rp>
<rt>フアチュンイン</rt>
<rp>）</rp>
</ruby>副報道局長は「日本は当然、被害国の国民に誠実におわびすべきだ」と主張、「実際の行動でアジアの隣国と国際社会の信頼を得るよう促す」と述べた。</p>
<p>　中国国営新華社通信は１４日、安倍首相の談話は「直接のおわびを回避」と報じ、「首相は日本が今後おわびを続ける必要はないと表明した」と解説した。中国共産党機関紙・人民日報系の環球時報（電子版）も社説で「中日関係をさらに悪化させる導火線にはならないが、大きく改善させる動力にもならない」と論じた。</p>
<p>　<ruby>
<rb>習近平</rb>
<rp>（</rp>
<rt>シージンピン</rt>
<rp>）</rp>
</ruby>指導部は、安倍首相が村山首相談話などに盛り込まれた「おわび」「反省」などを盛り込むよう求めていた。習指導部は、天津市の大爆発や中国経済の後退で社会不安が高まることを警戒しており、政権批判につながりかねない反日世論の広がりを避ける狙いもあった。</p>
<p>　「おわび」などが明記されたことで、習政権は日本との経済協力や民間交流は引き続き推進しながら、首相の歴史観にはなお不信が残るとして歴史をめぐる対日圧力は緩めない可能性が高い。</p>
<p>　一方、韓国の主要紙電子版やテレビは、安倍首相談話について、「誠意がない、過去形の謝罪」（公共放送ＫＢＳテレビ）などと一斉に批判した。聯合ニュースは、安倍首相が「我が国は繰り返し、痛切な反省と心からのおわびの気持ちを表明してきた」と発言したことについて、「自分の声で謝罪する代わりに、『過去形』で謝罪に言及するにとどまった」と指摘。その上で、「村山、小泉談話よりも大幅に後退した」と不満を示し、「歴史認識をめぐる日韓間の葛藤は相当の間続く見通しだ」と報じた。</p>
</body>
</html>
</DataContent>
</ContentItem>
</NewsComponent>
</NewsComponent>
</NewsItem>
</NewsML>
