<?xml version="1.0" encoding="UTF-8"?><!DOCTYPE NewsML SYSTEM "./DTD/NewsMLv1.2.dtd" [<!ENTITY % xhtml11.dtd SYSTEM "./DTD/xhtml11-flat.dtd">
	%xhtml11.dtd;]>
<NewsML Version="1.2">
<Catalog Href="../catalog/catalogYomiuriMasterCatalog.xml" />
<NewsEnvelope>
<SentFrom>
<Party Scheme="NskParty" FormalName="Yomiuri" />
</SentFrom>
<DateAndTime>20150814T031247+0900</DateAndTime>
<NewsService Scheme="YgdistNewsService" FormalName="Ygdist-Full" />
<NewsProduct Scheme="YgdistNewsProduct" FormalName="NewsML:1.2" />
</NewsEnvelope>
<NewsItem>
<Identification>
      <NewsIdentifier>
        <ProviderId>yomiuri.co.jp</ProviderId>
        <DateId>20150813</DateId>
        <NewsItemId>027-OYT1T50148</NewsItemId>
        <RevisionId PreviousRevision="3" Update="N">4</RevisionId>
        <PublicIdentifier>urn:newsml:yomiuri.co.jp:20150813:027-OYT1T50148:4</PublicIdentifier>
      </NewsIdentifier>
    </Identification>
<NewsManagement>
<NewsItemType FormalName="News" Scheme="IptcNewsItemType" />
<FirstCreated>20150814T031247+0900</FirstCreated>
<ThisRevisionCreated>20150814T031247+0900</ThisRevisionCreated>
<Status FormalName="Usable" />
<Instruction Scheme="YgdistInstruction" FormalName="CancelAll">
<RevisionStatus>
<Status FormalName="Canceled" />
</RevisionStatus>
</Instruction>
</NewsManagement>
<NewsComponent xml:lang="ja-JP" Duid="Article.20150813.027-OYT1T50148">
<Role Scheme="YgdistRole" FormalName="Article" />
<NewsLines>
<HeadLine>終戦７０年　平和の堅持へ国際協調貫こう</HeadLine>
<DateLine>2015-08-14 03:12:00</DateLine>
<CreditLine>読売新聞社</CreditLine>
<CopyrightLine>COPYRIGHT THE YOMIURI SHIMBUN</CopyrightLine>
</NewsLines>
<RightsMetadata>
        <Copyright>
          <CopyrightHolder>読売新聞社</CopyrightHolder>
          <CopyrightDate>2015</CopyrightDate>
        </Copyright>
      </RightsMetadata>
<DescriptiveMetadata>
<Language FormalName="ja" />
<SubjectCode>
<Subject FormalName="11000000" />
</SubjectCode>
</DescriptiveMetadata>
<Metadata>
<MetadataType FormalName="YomiuriNewsManagement" />
<Property FormalName="NewsCategory" Value="Full" />
</Metadata>
<Metadata>
<MetadataType FormalName="YomiuriMediaGenreCode" />
<Property FormalName="YomiuriMediaGenre" Value="社説" />
</Metadata>
<NewsComponent xml:lang="ja-JP" Duid="Article.HeadLine.20150813.027-OYT1T50148">
<Role Scheme="YgdistRole" FormalName="ArticleHeadLine" />
<ContentItem>
<MediaType FormalName="Text" Scheme="IptcMediaTypes" />
<Format FormalName="XHTML" Scheme="IptcFormat" />
<MimeType FormalName="text/xml" Scheme="IptcMimeTypes" />
<DataContent>
<html>
<head>
<title />
</head>
<body>
<p>終戦７０年　平和の堅持へ国際協調貫こう</p>
</body>
</html>
</DataContent>
</ContentItem>
</NewsComponent>
<NewsComponent xml:lang="ja-JP" Duid="Article.Body.20150813.027-OYT1T50148" Essential="yes">
<Role Scheme="YgdistRole" FormalName="ArticleBody" />
<ContentItem>
<MediaType FormalName="Text" Scheme="IptcMediaTypes" />
<Format FormalName="XHTML" Scheme="IptcFormat" />
<MimeType FormalName="text/xml" Scheme="IptcMimeTypes" />
<DataContent>
<html>
<head>
<title />
</head>
<body>
<p>　◆安保法案成立で抑止力の向上を◆</p>
<p>　１５日は、７０回目の「終戦の日」である。</p>
<p>　先の大戦で心ならずも犠牲になった３００万人以上の冥福を静かに祈るとともに、平和への誓いを新たにしたい。</p>
<p>　長崎市の田上富久市長は９日の平和宣言で、安全保障関連法案に言及し、「憲法の平和の理念が、今揺らいでいるのではないかという不安と懸念が広がっている」と述べた。政府と国会がこの不安と懸念に耳を傾け、「慎重で<ruby>
<rb>真摯</rb>
<rp>（</rp>
<rt>しんし</rt>
<rp>）</rp>
</ruby>な審議」を行うことも注文した。</p>
<p>　◆日米同盟は公共財だ</p>
<p>　集団的自衛権の行使容認を柱とする安保法案は、自衛隊と米軍などの防衛協力を強化し、日本の平和と安全を確保することを目指すものだ。正反対の受け止めをされているのは残念である。</p>
<p>　日本はこの７０年間、東西冷戦時代もポスト冷戦期も戦争に巻き込まれなかった。これは、憲法の平和主義のお陰だけではない。</p>
<p>　むしろ１９５４年に自衛隊を創設して、時代に即した防衛力を整備しつつ、６０年に日米安保条約を改定し、同盟関係を着実に強化してきたことが大きい。</p>
<p>　日米同盟は今、アジア全体を安定させるための国際公共財として広く認知されている。</p>
<p>　朝鮮戦争や、旧ソ連によるアフガニスタンへの侵攻、イラクのクウェート侵略、ロシアのグルジア侵攻――。領土や国民を守る軍事力と抑止力の重要性を示す実例は枚挙にいとまがない。</p>
<p>　憲法前文にある「恒久の平和を念願」し、「平和を愛する諸国民の公正と信義に信頼」するだけで平和が確保されるというのは、国際政治の冷徹なリアリズムを無視した理想論だろう。</p>
<p>　日本は戦前、集団安全保障を模索した国際連盟を脱退し、世界秩序を破壊する側に立った。</p>
<p>　戦後は、その反省から、自衛隊の活動を過度に抑制してきた。米国主導の国際秩序による平和と繁栄を享受する中、安全保障政策を米国に依存し、思考停止に陥りがちだったことは否めない。</p>
<p>　◆世界秩序を支える側に</p>
<p>　転機は９１年の湾岸戦争だ。戦後の機雷掃海や国連平和維持活動に自衛隊を派遣して実績を積み、関係国の信頼を着実に得てきた。</p>
<p>　自衛隊の国際活動を拡充する安保法案は、この延長線上にある。慎重過ぎた憲法解釈を適正化するとともに、新たな国際秩序を支える有志国の一翼を担い、応分の責任を果たさねばなるまい。</p>
<p>　今年１０月に創設７０年を迎える国際連合は、安全保障理事会の５常任理事国の拒否権などで機能不全に陥り<ruby>
<rb>易</rb>
<rp>（</rp>
<rt>やす</rt>
<rp>）</rp>
</ruby>い。紛争解決に役割を十分果たしているとは言い難い。</p>
<p>　今、中国は東・南シナ海で、ロシアはウクライナでそれぞれ独善的な論理を振りかざし、力による現状変更を試みている。いずれも強大な軍事力を背景にし、国際社会の批判にも耳を貸さない。</p>
<p>　日本にとって、中国の軍備増強と海洋進出は深刻な問題だ。中国が現在のペースで国防費を伸ばせば、５年後には日本の４倍超、１０年後には７倍近くに膨らむ。</p>
<p>　北朝鮮は、日本を射程に収める弾道ミサイル数百発を保有する。過激派組織「イスラム国」などテロの脅威も拡散している。</p>
<p>　日本の安全を確保するには、安保法案を確実に成立させ、米国や豪州、さらに東南アジア・欧州諸国との重層的な連携を強化することが欠かせない。</p>
<p>　外交と軍事は車の両輪として、相互補完関係にある。自衛隊による切れ目のない事態対処を可能にしておくことが、紛争を回避し、地域を安定させる平和外交を推進するための後ろ盾になろう。</p>
<p>　安保法案には、「日本を再び戦争できる国にする」「戦前に回帰するものだ」といった批判が一部にある。曲解と言うほかない。</p>
<p>　◆「戦争できる国」は曲論</p>
<p>　今の日本が戦前と決定的に異なるのは、憲法の平和主義を堅持し、侵略や国土拡張を否定して、国際協調を重視していることだ。文民統制（シビリアンコントロール）もしっかり確保されている。</p>
<p>　法案が定める集団的自衛権の行使容認や、海外における自衛隊の人道復興支援や他国軍への後方支援活動の拡充は、いずれも国際的な連帯を強固にする。</p>
<p>　だからこそ、歴史認識を巡って日本と溝がある中国、韓国を除く圧倒的多数の国々が、法案内容を高く評価、支持しているのである。安倍政権の「国際協調主義に基づく積極的平和主義」に対する各国の期待は極めて高い。</p>
<p>　安倍首相は、安保法案の意義と必要性を国民に説明し、理解を広げる努力を倍加させるべきだ。</p>
</body>
</html>
</DataContent>
</ContentItem>
</NewsComponent>
</NewsComponent>
</NewsItem>
</NewsML>
